writer_id,line_id
241,e04-132-01
241,e04-132-02
241,e04-132-03
70,a06-025-00
70,a06-025-01
70,a06-025-02
70,a06-025-03
70,a06-025-04
70,a06-025-07
44,a03-017-00
44,a03-017-01
44,a03-017-03
44,a03-017-05
44,a03-017-06
44,a03-017-08
227,e02-094-00
227,e02-094-01
227,e02-094-02
227,e02-094-03
227,e02-094-04
227,e02-094-05
227,e02-094-06
227,e02-094-08
227,e02-094-09
125,b06-093-02
125,b06-093-05
125,b06-093-06
125,b06-093-07
125,b06-093-08
125,b06-093-09
125,b06-093-10
26,a02-098-00
26,a02-098-01
26,a02-098-02
26,a02-098-06
0,a01-132x-01
0,a01-132x-03
0,a01-132x-04
0,a01-132x-06
0,a01-132x-07
21,a02-000-03
21,a02-000-04
21,a02-000-05
21,a02-000-06
21,a02-000-07
109,b04-060-04
109,b04-060-05
64,a04-092-00
64,a04-092-03
64,a04-092-05
64,a04-092-07
64,a04-092-08
64,a04-092-09
64,a04-092-10
249,e07-112-01
249,e07-112-02
249,e07-112-03
249,e07-112-04
249,e07-112-05
9,a01-026-01
9,a01-026-03
9,a01-026-05
9,a01-026-07
9,a01-026-08
67,a06-008-01
67,a06-008-04
67,a06-008-06
67,a06-008-07
128,b06-071-00
128,b06-071-02
128,b06-071-03
128,b06-071-04
128,b06-071-05
128,b06-071-07
128,b06-071-08
128,b06-071-09
0,a05-013-00
0,a05-013-01
0,a05-013-02
0,a05-013-03
0,a05-013-04
0,a05-013-06
0,a05-013-07
165,c04-080-00
165,c04-080-01
165,c04-080-02
165,c04-080-03
165,c04-080-05
165,c04-080-06
36,a02-086-00
36,a02-086-01
36,a02-086-02
36,a02-086-03
36,a02-086-04
36,a02-086-05
36,a02-086-06
60,a04-043-00
60,a04-043-02
60,a04-043-03
60,a04-043-04
60,a04-043-07
261,f02-030-05
261,f02-030-06
0,a01-096u-00
0,a01-096u-01
0,a01-096u-02
0,a01-096u-03
0,a01-096u-04
0,a01-096u-05
0,a01-096u-07
0,a01-096u-08
0,a01-096u-09
255,f01-135-00
255,f01-135-02
255,f01-135-03
255,f01-135-04
255,f01-135-05
255,f01-135-07
255,f01-135-08
255,f01-135-09
255,f01-135-10
41,a03-009-03
41,a03-009-04
41,a03-009-07
241,e04-099-00
241,e04-099-01
241,e04-099-04
241,e04-099-05
88,b01-014-00
88,b01-014-01
88,b01-014-02
88,b01-014-05
88,b01-014-06
88,b01-014-07
123,b06-097-01
123,b06-097-02
123,b06-097-03
123,b06-097-05
123,b06-097-06
63,a04-081-02
63,a04-081-03
63,a04-081-06
63,a04-081-07
63,a04-081-08
0,a01-072u-01
0,a01-072u-02
0,a01-072u-03
0,a01-072u-05
0,a01-072u-06
0,a01-072u-07
153,c03-003d-00
153,c03-003d-02
153,c03-003d-04
153,c03-003d-05
153,c03-003d-06
153,c03-003d-07
153,c03-003d-08
111,b04-116-00
215,e01-102-04
215,e01-102-05
215,e01-102-06
215,e01-102-08
134,b06-090-01
134,b06-090-03
134,b06-090-04
134,b06-090-06
142,c02-030-03
142,c02-030-06
142,c02-030-07
34,a02-078-00
34,a02-078-01
34,a02-078-04
34,a02-078-05
34,a02-078-06
34,a02-078-07
34,a02-078-08
91,b01-079-00
91,b01-079-01
91,b01-079-02
91,b01-079-03
91,b01-079-04
91,b01-079-05
91,b01-079-06
91,b01-079-07
65,a05-004-00
65,a05-004-01
65,a05-004-02
65,a05-004-03
65,a05-004-04
65,a05-004-07
65,a05-004-08
65,a05-004-09
153,c03-007d-01
153,c03-007d-02
153,c03-007d-04
153,c03-007d-08
123,c06-039-00
123,c06-039-02
123,c06-039-03
123,c06-039-07
17,a01-087-00
17,a01-087-02
17,a01-087-03
17,a01-087-04
17,a01-087-06
17,a01-087-07
128,c06-076-00
128,c06-076-02
128,c06-076-03
128,c06-076-04
128,c06-076-07
128,c06-076-08
128,c06-076-09
65,a05-009-01
65,a05-009-02
65,a05-009-03
65,a05-009-04
65,a05-009-05
268,f03-174-02
268,f03-174-04
224,e02-082-01
224,e02-082-02
224,e02-082-04
224,e02-082-05
0,a01-102u-00
0,a01-102u-01
0,a01-102u-02
0,a01-102u-03
0,a01-102u-04
0,a01-102u-06
0,a01-102u-07
0,a01-102u-08
127,c06-106-01
127,c06-106-02
127,c06-106-03
127,c06-106-04
127,c06-106-07
127,c06-106-08
127,c06-106-09
127,c06-106-10
248,e07-105-00
248,e07-105-03
248,e07-105-06
232,e04-019-00
232,e04-019-01
232,e04-019-02
232,e04-019-03
232,e04-019-06
232,e04-019-07
165,c04-128-00
165,c04-128-01
165,c04-128-02
165,c04-128-03
165,c04-128-04
165,c04-128-05
165,c04-128-06
165,c04-128-07
1,a01-000x-00
1,a01-000x-01
1,a01-000x-02
1,a01-000x-04
1,a01-000x-05
234,e04-034-07
223,e02-074-00
223,e02-074-02
223,e02-074-03
223,e02-074-05
223,e02-074-06
223,e02-074-07
223,e02-074-09
223,e02-074-10
84,a06-128-00
84,a06-128-01
84,a06-128-02
84,a06-128-03
84,a06-128-04
84,a06-128-06
84,a06-128-08
84,a06-128-09
13,a01-058-01
13,a01-058-02
13,a01-058-03
13,a01-058-04
13,a01-058-06
13,a01-058-07
13,a01-058-08
13,a01-058-09
0,a01-030u-00
0,a01-030u-01
0,a01-030u-02
0,a01-030u-03
0,a01-030u-04
0,a01-030u-05
0,a01-030u-07
0,a01-030u-08
0,a01-030u-09
0,a01-030u-10
0,a01-020u-00
0,a01-020u-02
0,a01-020u-03
0,a01-020u-04
0,a01-020u-05
0,a01-020u-06
0,a01-020u-07
0,a01-020u-08
274,f04-020-05
98,b02-102-04
0,a05-116-00
0,a05-116-01
0,a05-116-02
0,a05-116-03
0,a05-116-05
0,a05-116-08
0,a05-116-09
0,a05-125-03
0,a05-125-04
0,a05-125-05
0,a05-125-06
127,b06-015-00
127,b06-015-01
127,b06-015-03
127,b06-015-04
127,b06-015-05
127,b06-015-06
127,b06-015-07
127,b06-015-08
127,b06-015-10
154,c03-000e-03
154,c03-000e-04
154,c03-000e-06
159,c04-017-01
159,c04-017-02
60,a04-031-02
60,a04-031-03
60,a04-031-04
60,a04-031-05
60,a04-031-06
113,b04-181-01
113,b04-181-02
113,b04-181-03
113,b04-181-04
113,b04-181-05
113,b04-181-06
264,f02-040-03
264,f02-040-04
264,f02-040-08
213,e01-062-00
213,e01-062-02
213,e01-062-05
37,a02-106-00
37,a02-106-02
37,a02-106-06
37,a02-106-07
37,a02-106-08
37,a02-106-09
275,f04-024-02
275,f04-024-03
275,f04-024-04
275,f04-024-06
26,a02-042-05
247,e07-083-00
247,e07-083-01
247,e07-083-02
247,e07-083-03
247,e07-083-06
247,e07-083-07
247,e07-083-08
247,e07-083-10
239,h04-000-00
239,h04-000-01
239,h04-000-02
239,h04-000-04
239,h04-000-05
239,h04-000-06
239,h04-000-07
239,h04-000-08
126,b06-012-05
45,a03-020-00
45,a03-020-01
45,a03-020-04
45,a03-020-05
45,a03-020-06
45,a03-020-07
45,a03-020-09
45,a03-020-10
4,a01-007-00
4,a01-007-01
4,a01-007-02
4,a01-007-03
4,a01-007-04
4,a01-007-05
4,a01-007-06
4,a01-007-07
4,a01-007-08
267,f03-169-00
267,f03-169-02
267,f03-169-03
267,f03-169-04
267,f03-169-06
42,a03-011-07
42,a03-011-08
154,c03-081e-00
154,c03-081e-01
154,c03-081e-02
154,c03-081e-04
154,c03-081e-05
154,c03-081e-06
154,c03-081e-09
0,a05-084-00
0,a05-084-01
0,a05-084-02
0,a05-084-05
0,a05-084-06
0,a05-084-07
0,a05-084-08
0,a05-048-00
0,a05-048-02
0,a05-048-03
0,a05-048-05
0,a05-048-06
0,a05-048-08
0,a05-048-09
0,a05-048-10
151,c03-081b-01
151,c03-081b-02
151,c03-081b-04
151,c03-081b-05
151,c03-081b-07
153,c03-081d-00
153,c03-081d-01
153,c03-081d-02
153,c03-081d-03
153,c03-081d-05
153,c03-081d-06
153,c03-081d-07
153,c03-081d-08
272,f04-016-01
272,f04-016-02
272,f04-016-03
272,f04-016-04
272,f04-016-05
272,f04-016-06
272,f04-016-07
121,b05-083-00
121,b05-083-01
121,b05-083-03
121,b05-083-04
121,b05-083-05
121,b05-083-06
121,b05-083-07
121,b05-083-08
125,c06-005-01
125,c06-005-02
125,c06-005-03
125,c06-005-04
125,c06-005-06
125,c06-005-07
23,a02-008-04
158,c04-013-02
158,c04-013-04
158,c04-013-05
7,a01-038-00
7,a01-038-01
7,a01-038-02
7,a01-038-03
7,a01-038-06
7,a01-038-07
7,a01-038-08
7,a01-038-10
7,a01-038-11
0,a01-117u-00
0,a01-117u-01
0,a01-117u-02
0,a01-117u-04
0,a01-117u-05
0,a01-117u-06
0,a01-117u-07
0,a01-117u-08
0,a01-117u-09
0,a01-117u-10
218,e02-000-00
218,e02-000-01
218,e02-000-02
218,e02-000-03
218,e02-000-04
218,e02-000-05
218,e02-000-06
218,e02-000-07
150,c03-003a-00
150,c03-003a-01
150,c03-003a-02
150,c03-003a-03
150,c03-003a-04
150,c03-003a-06
150,c03-003a-08
124,b06-004-00
124,b06-004-01
124,b06-004-03
124,b06-004-04
124,b06-004-06
124,b06-004-07
8,a01-014x-00
8,a01-014x-01
8,a01-014x-03
8,a01-014x-05
8,a01-014x-06
8,a01-014x-07
8,a01-014x-08
8,a01-014x-09
0,a05-000-00
0,a05-000-01
0,a05-000-02
0,a05-000-03
0,a05-000-04
0,a05-000-05
0,a05-000-06
117,b05-042-00
117,b05-042-01
117,b05-042-02
117,b05-042-03
117,b05-042-04
117,b05-042-06
117,b05-042-07
117,b05-042-08
117,b05-042-09
117,b05-042-10
0,a01-132u-02
0,a01-132u-03
0,a01-132u-04
0,a01-132u-05
0,a01-132u-07
0,a01-132u-08
0,a01-132u-09
133,c06-116-00
133,c06-116-02
133,c06-116-04
133,c06-116-05
133,c06-116-06
133,c06-116-07
133,c06-116-08
133,c06-116-09
159,c04-035-00
159,c04-035-01
159,c04-035-07
123,b06-023-00
123,b06-023-03
123,b06-023-04
123,b06-023-05
123,b06-023-06
50,a03-037-00
50,a03-037-05
50,a03-037-07
0,a01-091u-00
0,a01-091u-01
0,a01-091u-02
0,a01-091u-03
0,a01-091u-05
0,a01-091u-06
0,a01-091u-08
118,g05-098-06
124,c06-111-00
124,c06-111-02
124,c06-111-04
124,c06-111-05
124,c06-111-06
131,b06-068-00
131,b06-068-01
131,b06-068-02
131,b06-068-03
131,b06-068-04
131,b06-068-06
131,b06-068-08
131,b06-068-09
131,b06-068-10
152,c03-000c-00
152,c03-000c-01
152,c03-000c-02
152,c03-000c-04
152,c03-000c-06
129,c06-014-01
129,c06-014-02
129,c06-014-03
129,c06-014-05
129,c06-014-06
129,c06-014-09
109,b04-075-05
132,b06-082-02
132,b06-082-03
132,b06-082-04
132,b06-082-05
132,b06-082-06
132,b06-082-08
132,b06-082-09
148,c02-082-01
148,c02-082-02
148,c02-082-03
148,c02-082-04
148,c02-082-05
148,c02-082-06
148,c02-082-07
148,c02-082-08
148,c02-082-09
122,b05-088-00
122,b05-088-06
152,c03-016c-00
152,c03-016c-01
152,c03-016c-02
152,c03-016c-03
152,c03-016c-05
152,c03-016c-06
152,c03-016c-07
152,c03-016c-09
92,b01-089-01
92,b01-089-02
92,b01-089-04
92,b01-089-05
92,b01-089-06
92,b01-089-08
92,b01-089-09
92,b01-084-00
92,b01-084-03
92,b01-084-04
92,b01-084-05
0,a01-053u-00
0,a01-053u-02
0,a01-053u-04
0,a01-053u-08
0,a01-053u-09
64,a04-103-00
64,a04-103-01
64,a04-103-02
64,a04-103-05
64,a04-103-06
64,a04-103-07
64,a04-103-08
1,a01-072x-00
1,a01-072x-01
1,a01-072x-04
1,a01-072x-05
1,a01-072x-06
154,c03-096e-00
154,c03-096e-03
154,c03-096e-04
154,c03-096e-05
154,c03-096e-06
154,c03-096e-07
164,c04-122-07
231,e04-011-00
231,e04-011-01
231,e04-011-04
231,e04-011-05
231,e04-011-07
86,a06-152-00
86,a06-152-01
86,a06-152-02
86,a06-152-03
86,a06-152-04
86,a06-152-05
86,a06-152-06
86,a06-152-07
86,a06-152-08
86,a06-152-09
123,b06-000-00
123,b06-000-01
123,b06-000-05
123,b06-000-07
0,a01-007u-00
0,a01-007u-01
0,a01-007u-02
0,a01-007u-04
0,a01-007u-06
0,a01-007u-07
0,a01-007u-08
0,a01-007u-09
103,b03-098-01
103,b03-098-03
103,b03-098-04
103,b03-098-06
103,b03-098-07
103,b03-098-08
84,a06-119-00
84,a06-119-02
84,a06-119-04
84,a06-119-06
84,a06-119-07
84,a06-119-08
138,c02-003-00
138,c02-003-01
138,c02-003-03
138,c02-003-04
138,c02-003-05
138,c02-003-07
154,c03-003e-00
154,c03-003e-01
154,c03-003e-02
154,c03-003e-04
154,c03-003e-05
154,c03-003e-06
154,c03-003e-07
154,c03-003e-08
143,c02-035-05
214,e01-081-03
111,b04-121-03
111,b04-121-06
58,a04-000-00
58,a04-000-01
58,a04-000-03
58,a04-000-04
58,a04-000-05
85,e07-000-00
85,e07-000-02
0,a01-000u-00
0,a01-000u-01
0,a01-000u-02
0,a01-000u-03
0,a01-000u-04
0,a01-000u-05
0,a01-000u-06
110,b04-089-03
110,b04-089-05
110,b04-089-06
239,k04-017-00
239,k04-017-01
239,k04-017-03
239,k04-017-04
239,k04-017-05
239,k04-017-06
239,k04-017-08
239,k04-017-09
150,c03-087a-00
150,c03-087a-01
150,c03-087a-02
150,c03-087a-03
150,c03-087a-04
150,c03-087a-05
150,c03-087a-06
150,c03-087a-07
104,b03-104-02
104,b03-104-03
104,b03-104-05
104,b03-104-06
104,b03-104-07
104,b03-104-08
104,b03-104-09
135,c01-014-00
135,c01-014-01
135,c01-014-02
135,c01-014-03
135,c01-014-04
135,c01-014-05
135,c01-014-09
132,c06-091-05
244,e07-003-00
244,e07-003-01
244,e07-003-03
244,e07-003-04
244,e07-003-05
244,e07-003-06
244,e07-003-07
244,e07-003-08
244,e07-003-09
116,b05-032-00
116,b05-032-03
116,b05-032-08
116,b05-032-10
112,b04-147-01
112,b04-147-02
112,b04-147-03
112,b04-147-05
112,b04-147-07
134,b06-087-00
134,b06-087-01
134,b06-087-03
134,b06-087-04
134,b06-087-05
134,b06-087-06
134,b06-087-07
134,b06-087-08
235,e04-043-01
235,e04-043-03
235,e04-043-04
235,e04-043-05
0,a03-050-00
0,a03-050-01
0,a03-050-02
0,a03-050-03
0,a03-050-04
0,a03-050-05
0,a03-050-06
87,b01-004-00
87,b01-004-01
87,b01-004-02
87,b01-004-03
87,b01-004-04
239,g04-003-00
239,g04-003-01
239,g04-003-02
239,g04-003-05
239,g04-003-07
239,g04-003-08
112,b04-154-00
112,b04-154-02
112,b04-154-04
112,b04-154-05
112,b04-154-06
112,b04-154-07
151,c03-016b-00
151,c03-016b-01
151,c03-016b-02
151,c03-016b-03
151,c03-016b-04
151,c03-016b-05
151,c03-016b-08
17,b01-057-01
17,b01-057-02
17,b01-057-05
17,b01-057-06
17,b01-057-07
17,b01-057-09
17,b01-057-10
0,a01-014u-00
0,a01-014u-01
0,a01-014u-03
0,a01-014u-05
0,a01-014u-06
0,a01-014u-07
17,b01-062-00
17,b01-062-01
17,b01-062-03
17,b01-062-05
17,b01-062-06
17,b01-062-07
17,b01-062-09
212,e01-035-01
212,e01-035-02
212,e01-035-06
212,e01-035-07
19,a01-122-06
251,f01-066-09
252,f01-070-00
252,f01-070-02
252,f01-070-05
252,f01-070-08
111,b04-107-01
111,b04-107-07
22,a02-004-01
22,a02-004-03
22,a02-004-04
22,a02-004-06
22,a02-004-07
22,a02-004-10
87,b01-009-00
87,b01-009-01
87,b01-009-02
87,b01-009-03
87,b01-009-04
87,b01-009-05
87,b01-009-06
14,a01-058x-00
14,a01-058x-01
14,a01-058x-03
14,a01-058x-04
14,a01-058x-05
14,a01-058x-06
14,a01-058x-07
247,e07-086-00
247,e07-086-03
247,e07-086-04
247,e07-086-05
247,e07-086-06
247,e07-086-07
247,e07-086-09
246,e07-072-00
246,e07-072-01
246,e07-072-02
246,e07-072-04
246,e07-072-05
246,e07-072-06
246,e07-072-08
246,e07-072-09
246,e07-072-11
132,b06-045-00
132,b06-045-02
132,b06-045-03
132,b06-045-04
132,b06-045-05
132,b06-045-06
132,b06-045-07
132,b06-045-08
62,a04-069-00
62,a04-069-01
62,a04-069-02
62,a04-069-04
62,a04-069-05
130,b06-079-00
130,b06-079-01
130,b06-079-02
130,b06-079-03
130,b06-079-04
130,b06-079-06
130,b06-079-07
130,b06-079-08
130,b06-079-09
16,a01-077-00
16,a01-077-01
16,a01-077-04
16,a01-077-05
16,a01-077-06
16,a01-077-07
16,a01-077-08
30,a02-057-00
30,a02-057-02
30,a02-057-03
30,a02-057-06
30,a02-057-07
0,a05-025-00
0,a05-025-01
0,a05-025-02
0,a05-025-03
0,a05-025-04
0,a05-025-05
0,a05-025-06
0,a05-025-07
0,a05-025-08
25,a02-017-00
25,a02-017-01
25,a02-017-02
25,a02-017-04
25,a02-017-06
25,a02-017-07
139,c02-017-00
139,c02-017-01
139,c02-017-02
139,c02-017-03
139,c02-017-04
139,c02-017-05
139,c02-017-06
139,c02-017-07
139,c02-017-08
150,c03-084a-00
150,c03-084a-02
150,c03-084a-03
150,c03-084a-04
150,c03-084a-05
37,a02-111-00
37,a02-111-02
37,a02-111-03
37,a02-111-04
37,a02-111-05
37,a02-111-07
37,a02-111-08
37,a02-111-09
37,a02-111-10
226,e02-091-00
226,e02-091-01
226,e02-091-02
226,e02-091-03
226,e02-091-04
226,e02-091-05
226,e02-091-07
130,c06-000-00
130,c06-000-01
130,c06-000-02
130,c06-000-03
130,c06-000-05
155,c03-081f-02
155,c03-081f-03
155,c03-081f-04
155,c03-081f-05
155,c03-081f-07
155,c03-081f-08
155,c03-081f-09
121,b05-098-00
121,b05-098-01
121,b05-098-02
121,b05-098-03
121,b05-098-04
121,b05-098-06
121,b05-098-07
121,b05-098-08
152,c03-087c-01
152,c03-087c-03
152,c03-087c-04
152,c03-087c-05
152,c03-087c-06
152,c03-087c-07
275,f04-028-01
275,f04-028-02
275,f04-028-04
275,f04-028-05
275,f04-028-06
275,f04-028-07
275,f04-028-09
32,a02-067-01
32,a02-067-02
32,a02-067-03
32,a02-067-04
32,a02-067-05
32,a02-067-06
32,a02-067-07
32,a02-067-09
93,b01-118-00
93,b01-118-01
93,b01-118-03
93,b01-118-04
93,b01-118-06
250,f01-058-00
250,f01-058-01
250,f01-058-03
250,f01-058-04
250,f01-058-05
250,f01-058-08
152,c03-094c-02
152,c03-094c-03
152,c03-094c-04
152,c03-094c-05
152,c03-094c-06
152,c03-094c-07
152,c03-094c-08
0,a05-044-00
0,a05-044-01
0,a05-044-02
0,a05-044-03
0,a05-044-04
0,a05-044-05
0,a05-044-07
0,a05-044-08
0,a05-044-09
245,e07-007-01
245,e07-007-02
245,e07-007-03
245,e07-007-05
245,e07-007-06
245,e07-007-07
37,a02-102-01
37,a02-102-03
37,a02-102-04
37,a02-102-05
37,a02-102-06
37,a02-102-07
91,b01-073-00
91,b01-073-01
91,b01-073-04
91,b01-073-05
91,b01-073-06
91,b01-073-07
91,b01-073-08
91,b01-073-10
16,a01-091-02
16,a01-091-03
16,a01-091-04
16,a01-091-05
16,a01-091-08
16,a01-091-09
162,c04-050-00
162,c04-050-01
162,c04-050-05
162,c04-050-06
162,c04-050-07
155,c03-000f-00
155,c03-000f-01
155,c03-000f-02
155,c03-000f-03
155,c03-000f-06
155,c03-000f-07
113,b04-169-00
113,b04-169-02
113,b04-169-03
113,b04-169-04
113,b04-169-06
153,c03-084d-00
153,c03-084d-02
153,c03-084d-03
153,c03-084d-05
153,c03-084d-07
152,c03-096c-02
152,c03-096c-03
152,c03-096c-04
152,c03-096c-05
152,c03-096c-06
263,f02-038-00
263,f02-038-01
263,f02-038-02
263,f02-038-03
263,f02-038-04
263,f02-038-05
263,f02-038-06
263,f02-038-07
263,f02-038-09
263,f02-038-10
237,e04-068-03
237,e04-068-04
237,e04-068-06
125,b06-008-00
125,b06-008-01
125,b06-008-02
125,b06-008-05
125,b06-008-06
125,b06-008-07
125,b06-008-09
248,e07-098-01
248,e07-098-02
248,e07-098-03
248,e07-098-04
248,e07-098-05
248,e07-098-06
248,e07-098-07
248,e07-098-08
64,a04-099-00
64,a04-099-02
64,a04-099-06
64,a04-099-08
64,a04-099-10
0,a05-121-00
0,a05-121-01
0,a05-121-03
0,a05-121-04
0,a05-121-05
0,a05-121-06
0,a05-121-07
0,a05-121-08
250,f01-053-00
250,f01-053-01
250,f01-053-02
250,f01-053-03
250,f01-053-04
250,f01-053-05
250,f01-053-07
0,a01-043u-00
0,a01-043u-01
0,a01-043u-02
0,a01-043u-03
0,a01-043u-05
0,a01-043u-06
0,a01-043u-07
130,b06-032-02
130,b06-032-04
130,b06-032-05
130,b06-032-06
150,c03-000a-00
150,c03-000a-01
150,c03-000a-02
150,c03-000a-03
150,c03-000a-04
150,c03-000a-05
150,c03-000a-06
217,g01-000-00
217,g01-000-01
217,g01-000-03
217,g01-000-04
217,g01-000-07
241,e04-095-00
241,e04-095-01
241,e04-095-02
241,e04-095-03
241,e04-095-04
241,e04-095-05
241,e04-095-06
29,a02-053-05
29,a02-053-06
29,a02-053-07
216,e01-113-00
216,e01-113-02
216,e01-113-04
216,e01-113-05
216,e01-113-06
0,a01-049u-00
0,a01-049u-01
0,a01-049u-02
0,a01-049u-03
0,a01-049u-04
0,a01-049u-05
0,a01-049u-06
0,a01-049u-08
0,a01-049u-09
0,a01-049u-10
90,b01-044-01
90,b01-044-02
90,b01-044-06
93,b01-122-00
93,b01-122-01
93,b01-122-02
93,b01-122-04
93,b01-122-07
93,b01-122-08
94,b01-127-01
94,b01-127-02
94,b01-127-04
94,b01-127-05
94,b01-127-06
94,b01-127-07
94,b01-127-08
247,e07-076-00
247,e07-076-01
247,e07-076-02
247,e07-076-03
247,e07-076-04
247,e07-076-05
247,e07-076-06
247,e07-076-08
247,e07-076-09
147,c02-078-00
147,c02-078-02
147,c02-078-03
147,c02-078-04
147,c02-078-05
147,c02-078-06
147,c02-078-07
147,c02-078-08
147,c02-078-09
68,a06-014-01
68,a06-014-02
68,a06-014-03
68,a06-014-04
68,a06-014-05
99,b02-105-00
99,b02-105-01
99,b02-105-02
99,b02-105-03
99,b02-105-04
99,b02-105-05
26,a02-090-01
26,a02-090-03
26,a02-090-05
248,e07-108-00
248,e07-108-01
248,e07-108-02
248,e07-108-03
248,e07-108-05
248,e07-108-06
248,e07-108-08
248,e07-108-09
133,c06-043-00
133,c06-043-01
133,c06-043-02
133,c06-043-04
133,c06-043-06
133,c06-043-07
133,c06-043-09
37,a03-047-00
37,a03-047-01
37,a03-047-03
37,a03-047-04
37,a03-047-05
37,a03-047-06
37,a03-047-07
37,a03-047-08
37,a03-047-09
26,a02-093-00
26,a02-093-02
26,a02-093-05
26,a02-093-06
151,c03-007b-00
151,c03-007b-03
151,c03-007b-06
0,a01-049x-00
0,a01-049x-01
0,a01-049x-04
0,a01-049x-05
0,a01-049x-06
0,a01-049x-07
0,a01-049x-10
0,a01-128u-01
0,a01-128u-02
0,a01-128u-04
0,a01-128u-05
0,a01-128u-07
0,a01-128u-08
0,a01-128u-10
20,a01-132-01
20,a01-132-02
20,a01-132-03
20,a01-132-05
20,a01-132-06
20,a01-132-08
20,a01-132-09
39,a02-120-00
39,a02-120-01
39,a02-120-02
39,a02-120-03
39,a02-120-04
39,a02-120-05
39,a02-120-06
39,a02-120-07
39,a02-120-08
39,a02-120-09
39,a02-120-10
76,a06-064-00
76,a06-064-01
76,a06-064-02
76,a06-064-03
76,a06-064-04
76,a06-064-05
76,a06-064-06
76,a06-064-08
11,a01-043x-00
11,a01-043x-01
11,a01-043x-04
11,a01-043x-05
11,a01-043x-06
11,a01-043x-07
56,a03-066-01
56,a03-066-03
56,a03-066-04
56,a03-066-05
56,a03-066-06
248,e07-101-00
248,e07-101-02
248,e07-101-04
248,e07-101-05
248,e07-101-06
248,e07-101-07
248,e07-101-08
241,e04-091-00
241,e04-091-02
241,e04-091-03
241,e04-091-04
241,e04-091-05
75,a06-057-05
233,e04-026-00
233,e04-026-03
233,e04-026-06
61,a04-050-01
61,a04-050-03
61,a04-050-05
114,b04-195-00
114,b04-195-01
114,b04-195-02
114,b04-195-03
114,b04-195-04
114,b04-195-05
114,b04-195-06
229,e02-117-00
229,e02-117-01
229,e02-117-02
229,e02-117-03
229,e02-117-05
229,e02-117-07
229,e02-117-08
0,a03-080-00
0,a03-080-01
0,a03-080-02
0,a03-080-03
0,a03-080-04
0,a03-080-05
0,a03-080-06
0,a03-080-07
0,a03-080-08
0,a03-080-09
25,a02-020-00
25,a02-020-05
62,a04-066-00
62,a04-066-01
62,a04-066-04
62,a04-066-05
62,a04-066-06
273,g04-011-07
154,c03-007e-01
154,c03-007e-02
154,c03-007e-03
154,c03-007e-04
154,c03-007e-05
154,c03-007e-07
146,c02-059-00
146,c02-059-01
146,c02-059-02
146,c02-059-03
146,c02-059-04
146,c02-059-05
146,c02-059-07
151,c03-096b-00
151,c03-096b-01
151,c03-096b-02
151,c03-096b-03
151,c03-096b-04
151,c03-096b-05
151,c03-096b-06
151,c03-096b-07
110,b04-096-00
110,b04-096-01
110,b04-096-02
110,b04-096-04
110,b04-096-05
110,b04-096-06
15,a01-063x-00
15,a01-063x-01
15,a01-063x-02
15,a01-063x-03
15,a01-063x-07
15,a01-063x-08
136,c01-066-00
136,c01-066-01
136,c01-066-02
136,c01-066-03
136,c01-066-04
136,c01-066-06
136,c01-066-08
273,g04-014-00
273,g04-014-01
273,g04-014-02
273,g04-014-03
273,g04-014-04
273,g04-014-05
213,e01-059-01
213,e01-059-04
213,e01-059-05
213,e01-059-06
9,a01-020-00
9,a01-020-02
9,a01-020-04
9,a01-020-05
9,a01-020-06
9,a01-020-07
153,c03-021d-00
153,c03-021d-01
153,c03-021d-03
153,c03-021d-04
153,c03-021d-05
153,c03-021d-06
153,c03-021d-07
153,c03-021d-09
85,a06-147-02
215,e01-092-00
215,e01-092-01
215,e01-092-02
215,e01-092-03
215,e01-092-04
215,e01-092-05
215,e01-092-07
151,c03-000b-00
151,c03-000b-02
0,a05-113-00
0,a05-113-01
0,a05-113-03
0,a05-113-04
0,a05-113-05
0,a05-113-06
259,f02-017-00
259,f02-017-02
259,f02-017-03
259,f02-017-04
259,f02-017-05
259,f02-017-06
259,f02-017-08
63,a04-089-00
63,a04-089-02
63,a04-089-03
63,a04-089-04
63,a04-089-06
63,a04-089-07
63,a04-089-08
71,a06-036-00
71,a06-036-01
71,a06-036-02
71,a06-036-03
71,a06-036-04
71,a06-036-06
71,a06-036-07
125,c06-020-00
125,c06-020-01
125,c06-020-05
125,c06-020-06
125,c06-020-07
239,e04-083-00
239,e04-083-01
239,e04-083-03
239,e04-083-04
239,e04-083-05
239,e04-083-06
211,e01-025-01
211,e01-025-03
211,e01-025-06
211,e01-025-07
211,e01-025-09
117,b05-038-00
117,b05-038-01
117,b05-038-02
117,b05-038-04
117,b05-038-05
117,b05-038-06
117,b05-038-07
117,b05-038-08
266,f02-076-00
266,f02-076-01
266,f02-076-02
266,f02-076-03
266,f02-076-04
266,f02-076-06
266,f02-076-07
266,f02-076-08
266,f02-076-09
154,c03-087e-00
154,c03-087e-02
154,c03-087e-05
154,c03-087e-06
154,c03-087e-07
154,c03-087e-08
11,a01-038x-00
11,a01-038x-01
11,a01-038x-02
113,b04-175-00
113,b04-175-01
113,b04-175-02
113,b04-175-04
113,b04-175-05
113,b04-175-06
113,b04-175-07
113,b04-175-08
112,b04-134-02
112,b04-134-03
112,b04-134-04
112,b04-134-05
112,b04-134-08
0,a01-011u-01
0,a01-011u-02
0,a01-011u-03
0,a01-011u-04
0,a01-011u-05
0,a01-011u-06
0,a01-011u-09
10,a01-030x-00
10,a01-030x-01
10,a01-030x-02
10,a01-030x-04
10,a01-030x-05
10,a01-030x-06
10,a01-030x-07
10,a01-030x-08
97,b02-097-01
97,b02-097-02
97,b02-097-06
97,b02-097-07
135,c01-009-00
135,c01-009-01
135,c01-009-05
135,c01-009-06
135,c01-009-07
135,c01-009-09
246,e07-066-00
246,e07-066-02
246,e07-066-03
246,e07-066-04
246,e07-066-05
246,e07-066-06
246,e07-066-07
246,e07-066-08
153,c03-016d-00
153,c03-016d-01
153,c03-016d-02
153,c03-016d-03
153,c03-016d-04
153,c03-016d-05
153,c03-016d-07
153,c03-016d-08
153,c03-016d-09
0,a05-058-00
0,a05-058-01
0,a05-058-02
0,a05-058-03
0,a05-058-04
0,a05-058-05
0,a05-058-06
0,a05-058-07
88,b01-018-00
88,b01-018-03
88,b01-018-06
131,b06-042-00
131,b06-042-02
131,b06-042-03
131,b06-042-04
131,b06-042-05
131,b06-042-06
131,b06-042-07
131,b06-042-08
131,b06-042-09
0,a05-094-00
0,a05-094-01
0,a05-094-03
0,a05-094-04
0,a05-094-06
0,a05-094-07
0,a05-094-08
0,a05-094-10
13,a01-053-01
13,a01-053-02
13,a01-053-03
13,a01-053-04
13,a01-053-05
13,a01-053-06
13,a01-053-08
13,a01-053-09
13,a01-053-10
3,a01-007x-00
3,a01-007x-02
3,a01-007x-03
3,a01-007x-04
3,a01-007x-05
3,a01-007x-06
151,c03-087b-00
151,c03-087b-01
151,c03-087b-03
151,c03-087b-04
151,c03-087b-05
151,c03-087b-06
151,c03-087b-07
19,a01-117-01
19,a01-117-02
19,a01-117-04
19,a01-117-07
19,a01-117-08
19,a01-117-09
28,a02-050-02
62,a04-072-00
62,a04-072-01
62,a04-072-02
62,a04-072-03
62,a04-072-05
62,a04-072-06
62,a04-072-07
62,a04-072-08
62,a04-072-09
62,a04-072-10
133,c06-080-00
133,c06-080-01
133,c06-080-02
133,c06-080-03
133,c06-080-04
133,c06-080-05
133,c06-080-07
133,c06-080-08
131,c06-058-00
131,c06-058-01
131,c06-058-02
131,c06-058-03
131,c06-058-04
131,c06-058-05
131,c06-058-06
156,c03-007-02
156,c03-007-04
156,c03-007-05
156,c03-007-07
151,c03-021b-06
151,c03-021b-07
87,b01-000-00
87,b01-000-01
87,b01-000-02
87,b01-000-03
87,b01-000-04
87,b01-000-05
87,b01-000-06
24,a02-012-00
24,a02-012-01
24,a02-012-03
24,a02-012-04
24,a02-012-05
24,a02-012-06
24,a02-012-07
24,a02-012-08
24,a02-012-09
13,a01-063-00
13,a01-063-01
13,a01-063-02
13,a01-063-03
13,a01-063-04
13,a01-063-05
13,a01-063-06
13,a01-063-07
129,b06-027-01
129,b06-027-02
129,b06-027-03
129,b06-027-04
129,b06-027-06
129,b06-027-07
129,b06-027-08
129,b06-027-09
155,c03-084f-00
155,c03-084f-02
155,c03-084f-03
155,c03-084f-04
155,c03-084f-05
151,c03-003b-00
151,c03-003b-01
151,c03-003b-03
151,c03-003b-05
151,c03-003b-07
228,e02-100-02
228,e02-100-05
114,b04-187-03
114,b04-187-04
114,b04-187-05
114,b04-187-06
114,b04-187-07
161,c04-039-00
161,c04-039-01
161,c04-039-02
161,c04-039-05
161,c04-039-06
161,c04-039-07
19,a01-128-00
19,a01-128-01
242,e04-103-00
242,e04-103-01
242,e04-103-02
242,e04-103-03
242,e04-103-04
242,e04-103-05
242,e04-103-06
0,a05-053-00
0,a05-053-01
0,a05-053-04
0,a05-053-05
0,a05-053-06
0,a05-053-08
0,a05-053-09
0,a05-053-10
212,e01-032-00
212,e01-032-01
212,e01-032-02
212,e01-032-03
212,e01-032-04
212,e01-032-05
212,e01-032-07
212,e01-032-08
212,e01-032-09
212,e01-032-10
269,f03-182-04
219,e02-014-00
219,e02-014-01
219,e02-014-02
219,e02-014-05
107,b04-004-00
107,b04-004-01
107,b04-004-02
107,b04-004-03
107,b04-004-04
107,b04-004-05
107,b04-004-06
107,b04-004-07
107,b04-004-08
107,b04-004-09
107,b04-004-10
154,c03-016e-00
154,c03-016e-01
154,c03-016e-02
154,c03-016e-03
154,c03-016e-04
154,c03-016e-05
154,c03-016e-06
154,c03-016e-07
154,c03-016e-08
154,c03-016e-10
80,a06-095-01
80,a06-095-02
80,a06-095-03
80,a06-095-04
80,a06-095-05
80,a06-095-06
80,a06-095-07
0,a01-063u-00
0,a01-063u-01
0,a01-063u-04
0,a01-063u-06
0,a01-063u-07
107,b04-010-00
107,b04-010-02
107,b04-010-03
107,b04-010-04
107,b04-010-06
107,b04-010-07
107,b04-010-08
107,b04-010-09
107,b04-000-01
107,b04-000-02
107,b04-000-03
107,b04-000-04
107,b04-000-05
31,a02-062-00
31,a02-062-02
31,a02-062-04
31,a02-062-05
31,a02-062-06
0,a05-108-00
0,a05-108-01
0,a05-108-04
0,a05-108-05
0,a05-108-06
0,a05-108-07
132,c06-047-00
132,c06-047-03
132,c06-047-04
132,c06-047-05
132,c06-047-06
240,k04-022-00
240,k04-022-01
240,k04-022-04
240,k04-022-05
240,k04-022-06
240,k04-022-07
124,b06-075-00
124,b06-075-01
124,b06-075-02
124,b06-075-03
124,b06-075-04
124,b06-075-05
124,b06-075-07
124,b06-075-08
124,b06-075-10
0,a05-069-00
0,a05-069-01
0,a05-069-02
0,a05-069-04
0,a05-069-06
0,a05-069-07
0,a05-069-09
150,c03-096a-00
150,c03-096a-01
150,c03-096a-02
150,c03-096a-04
150,c03-096a-05
150,c03-096a-06
150,c03-096a-07
242,e04-109-01
242,e04-109-02
242,e04-109-03
242,e04-109-05
150,c03-021a-00
150,c03-021a-01
150,c03-021a-02
150,c03-021a-03
150,c03-021a-05
150,c03-021a-06
150,c03-021a-07
150,c03-021a-09
154,c03-084e-02
154,c03-084e-03
154,c03-084e-05
154,c03-084e-06
0,a01-068u-00
0,a01-068u-01
0,a01-068u-02
0,a01-068u-03
0,a01-068u-04
0,a01-068u-05
0,a01-068u-06
0,a01-068u-07
0,a01-068u-08
94,b01-136-01
94,b01-136-03
94,b01-136-04
94,b01-136-05
94,b01-136-06
94,b01-136-07
150,c03-016a-00
150,c03-016a-01
150,c03-016a-02
150,c03-016a-03
150,c03-016a-05
150,c03-016a-06
150,c03-016a-07
150,c03-016a-08
150,c03-016a-09
129,c06-138-01
129,c06-138-03
129,c06-138-04
129,c06-138-05
129,c06-138-06
129,c06-138-07
129,c06-138-08
129,c06-138-09
64,a04-096-00
64,a04-096-01
64,a04-096-02
64,a04-096-04
64,a04-096-05
64,a04-096-06
64,a04-096-07
64,a04-096-08
155,c03-094f-00
155,c03-094f-01
155,c03-094f-02
155,c03-094f-03
155,c03-094f-04
155,c03-094f-05
155,c03-094f-06
155,c03-094f-07
155,c03-094f-08
155,c03-094f-09
119,b05-074-01
119,b05-074-03
119,b05-074-09
150,c03-081a-01
150,c03-081a-02
150,c03-081a-03
150,c03-081a-04
150,c03-081a-05
150,c03-081a-06
150,c03-081a-07
150,c03-081a-09
154,c03-094e-00
154,c03-094e-01
154,c03-094e-02
154,c03-094e-03
154,c03-094e-04
154,c03-094e-05
154,c03-094e-06
154,c03-094e-07
0,a03-089-00
0,a03-089-01
0,a03-089-02
0,a05-017-02
0,a05-017-03
0,a05-017-04
0,a05-017-05
0,a05-017-06
0,a05-017-07
0,a05-017-08
0,a05-017-09
43,a03-014-00
43,a03-014-01
43,a03-014-02
43,a03-014-03
43,a03-014-04
43,a03-014-05
43,a03-014-07
149,c02-089-00
149,c02-089-01
149,c02-089-02
149,c02-089-03
149,c02-089-04
149,c02-089-05
257,f02-000-00
257,f02-000-01
257,f02-000-02
257,f02-000-03
257,f02-000-04
257,f02-000-05
257,f02-000-06
257,f02-000-07
257,f02-000-08
119,g05-094-01
119,g05-094-03
119,g05-094-04
119,g05-094-05
119,g05-094-06
119,g05-094-07
119,g05-094-08
119,g05-094-09
151,c03-084b-00
151,c03-084b-02
151,c03-084b-04
151,c03-084b-05
151,c03-084b-06
151,c03-084b-07
79,a06-090-01
79,a06-090-02
79,a06-090-04
79,a06-090-05
79,a06-090-07
79,a06-090-08
25,a02-032-01
25,a02-032-05
25,a02-032-06
0,a01-087u-00
0,a01-087u-01
0,a01-087u-02
0,a01-087u-03
0,a01-087u-04
0,a01-087u-05
0,a01-087u-07
0,a01-087u-08
5,a01-011-03
5,a01-011-05
58,a04-003-00
58,a04-003-01
58,a04-003-02
58,a04-003-04
58,a04-003-05
58,a04-003-06
58,a04-003-07
37,a02-124-00
37,a02-124-01
37,a02-124-02
37,a02-124-03
37,a02-124-04
27,a02-046-01
27,a02-046-02
27,a02-046-05
27,a02-046-06
27,a02-046-07
5,a01-030-00
5,a01-030-07
220,e02-018-00
220,e02-018-02
220,e02-018-03
220,e02-018-04
220,e02-018-05
220,e02-018-06
126,c06-052-02
126,c06-052-06
7,a01-014-00
7,a01-014-02
7,a01-014-03
7,a01-014-04
7,a01-014-05
7,a01-014-06
7,a01-014-07
7,a01-014-08
7,a01-014-09
3,a01-003x-01
3,a01-003x-03
3,a01-003x-06
3,a01-003x-07
216,e01-107-01
216,e01-107-02
216,e01-107-03
216,e01-107-04
216,e01-107-05
216,e01-107-06
216,e01-107-07
216,e01-107-08
216,e01-107-09
113,b04-162-00
113,b04-162-02
113,b04-162-03
113,b04-162-04
113,b04-162-05
113,b04-162-06
152,c03-081c-00
152,c03-081c-01
152,c03-081c-02
152,c03-081c-03
152,c03-081c-04
152,c03-081c-08
125,b06-056-01
125,b06-056-02
125,b06-056-04
125,b06-056-05
125,b06-056-06
125,b06-056-07
125,b06-056-08
125,b06-056-09
125,b06-056-10
106,b03-114-00
106,b03-114-01
106,b03-114-02
106,b03-114-04
106,b03-114-05
106,b03-114-06
106,b03-114-07
106,b03-114-08
40,a03-006-00
40,a03-006-04
40,a03-006-05
40,a03-006-06
40,a03-006-07
40,a03-006-08
163,c04-066-00
163,c04-066-01
163,c04-066-04
163,c04-066-05
163,c04-066-07
93,b01-113-06
93,b01-113-07
0,a05-099-00
0,a05-099-01
0,a05-099-02
0,a05-099-03
0,a05-099-04
0,a05-099-05
0,a05-099-06
0,a05-099-07
0,a05-099-08
0,a05-099-09
211,e01-022-00
211,e01-022-01
211,e01-022-02
211,e01-022-04
211,e01-022-05
60,a04-035-00
60,a04-035-03
60,a04-035-04
60,a04-035-05
60,a04-035-07
60,a04-035-09
10,a01-020x-00
10,a01-020x-02
10,a01-020x-03
10,a01-020x-04
10,a01-020x-05
10,a01-020x-07
141,c02-026-03
141,c02-026-04
141,c02-026-05
141,c02-026-06
141,c02-026-07
141,c02-026-08
74,a06-051-00
74,a06-051-02
74,a06-051-03
74,a06-051-04
74,a06-051-08
126,c06-087-07
133,b06-064-00
133,b06-064-01
133,b06-064-02
133,b06-064-03
133,b06-064-05
133,b06-064-06
117,b05-045-01
117,b05-045-02
117,b05-045-04
117,b05-045-06
117,b05-045-07
117,b05-045-08
117,b05-045-09
89,b01-033-03
61,a04-054-01
61,a04-054-02
61,a04-054-03
61,a04-054-06
0,a01-107u-00
0,a01-107u-03
0,a01-107u-04
0,a01-107u-05
151,c03-094b-00
151,c03-094b-01
151,c03-094b-02
151,c03-094b-03
151,c03-094b-05
151,c03-094b-06
151,c03-094b-07
153,c03-096d-00
153,c03-096d-03
153,c03-096d-04
153,c03-096d-05
153,c03-096d-06
153,c03-096d-07
167,c04-105-00
167,c04-105-01
167,c04-105-02
167,c04-105-03
167,c04-105-04
167,c04-105-05
270,f03-191-00
270,f03-191-04
270,f03-191-05
270,f03-191-06
82,a06-110-00
82,a06-110-01
82,a06-110-02
82,a06-110-05
82,a06-110-06
82,a06-110-07
253,f01-075-00
253,f01-075-01
253,f01-075-02
253,f01-075-03
253,f01-075-04
253,f01-075-05
253,f01-075-06
253,f01-075-07
253,f01-075-08
0,a01-026u-00
0,a01-026u-01
0,a01-026u-02
0,a01-026u-03
0,a01-026u-04
0,a01-026u-06
0,a01-026u-07
0,a01-026u-08
0,a01-026u-09
0,a01-026u-10
238,e04-079-00
238,e04-079-01
238,e04-079-02
238,e04-079-03
238,e04-079-04
238,e04-079-05
238,e04-079-06
238,e04-079-07
238,e04-079-08
234,e04-038-03
234,e04-038-04
234,e04-038-06
46,a03-023-00
46,a03-023-01
46,a03-023-02
46,a03-023-03
46,a03-023-04
46,a03-023-05
46,a03-023-06
46,a03-023-07
54,a03-059-01
54,a03-059-02
54,a03-059-03
54,a03-059-05
54,a03-059-06
54,a03-059-07
54,a03-059-09
54,a03-059-11
0,a03-073-01
0,a03-073-03
0,a03-073-07
0,a03-073-08
140,c02-022-00
140,c02-022-01
140,c02-022-02
140,c02-022-03
140,c02-022-04
140,c02-022-05
140,c02-022-06
232,e04-022-00
232,e04-022-01
232,e04-022-02
232,e04-022-03
232,e04-022-04
232,e04-022-05
232,e04-022-06
96,b02-045-05
96,b02-045-07
96,b02-045-08
8,a01-026x-00
8,a01-026x-01
8,a01-026x-03
8,a01-026x-05
8,a01-026x-07
8,a01-026x-09
128,b06-019-00
128,b06-019-01
128,b06-019-02
128,b06-019-04
128,b06-019-05
128,b06-019-08
272,f04-011-00
272,f04-011-03
272,f04-011-04
272,f04-011-06
272,f04-011-08
272,f04-011-09
272,f04-011-10
247,e07-090-01
247,e07-090-03
247,e07-090-04
247,e07-090-05
247,e07-090-06
247,e07-090-07
247,e07-090-08
0,a05-029-00
0,a05-029-01
0,a05-029-02
0,a05-029-03
0,a05-029-04
0,a05-029-06
0,a05-029-07
0,a05-029-08
150,c03-007a-00
150,c03-007a-03
150,c03-007a-04
150,c03-007a-05
150,c03-007a-07
153,c03-094d-00
153,c03-094d-01
153,c03-094d-02
153,c03-094d-03
153,c03-094d-04
153,c03-094d-07
153,c03-094d-08
153,c03-094d-09
153,c03-094d-10
217,e01-119-00
217,e01-119-01
217,e01-119-02
217,e01-119-03
217,e01-119-05
217,e01-119-06
63,a04-085-00
63,a04-085-01
63,a04-085-02
63,a04-085-03
63,a04-085-04
63,a04-085-05
63,a04-085-06
63,a04-085-07
63,a04-085-08
63,a04-085-09
262,f02-036-07
262,f02-036-08
49,a03-034-02
49,a03-034-04
49,a03-034-05
49,a03-034-07
124,b06-049-00
124,b06-049-01
124,b06-049-04
124,b06-049-05
124,b06-049-07
124,b06-049-08
88,b01-023-02
88,b01-023-03
88,b01-023-05
77,a06-070-00
77,a06-070-01
77,a06-070-02
77,a06-070-03
77,a06-070-05
77,a06-070-07
222,e02-025-01
222,e02-025-02
222,e02-025-03
222,e02-025-04
222,e02-025-05
222,e02-025-07
222,e02-025-08
222,e02-025-09
105,b03-109-00
105,b03-109-05
105,b03-109-06
105,b03-109-08
161,c04-044-00
161,c04-044-02
161,c04-044-03
161,c04-044-04
161,c04-044-06
161,c04-044-08
26,a02-037-05
26,a02-037-07
26,a02-037-09
0,a01-077u-00
0,a01-077u-01
0,a01-077u-02
0,a01-077u-03
0,a01-077u-04
0,a01-077u-05
0,a01-077u-06
0,a01-077u-07
85,a06-134-00
85,a06-134-07
61,a04-047-01
61,a04-047-02
240,e04-086-00
240,e04-086-02
240,e04-086-03
240,e04-086-04
259,f02-033-00
259,f02-033-03
259,f02-033-05
259,f02-033-06
259,f02-033-07
259,f02-033-08
259,f02-033-09
259,f02-033-10
112,b04-140-00
112,b04-140-01
112,b04-140-04
112,b04-140-05
112,b04-140-06
112,b04-140-07
0,a05-089-00
0,a05-089-01
0,a05-089-03
0,a05-089-05
0,a05-089-07
0,a05-089-09
0,a05-089-10
66,a06-004-00
66,a06-004-01
66,a06-004-03
66,a06-004-04
66,a06-004-05
66,a06-004-07
66,a06-004-08
0,a01-058u-01
0,a01-058u-02
0,a01-058u-03
0,a01-058u-04
0,a01-058u-05
0,a01-058u-08
52,a03-043-00
52,a03-043-01
52,a03-043-02
52,a03-043-03
52,a03-043-04
52,a03-043-05
52,a03-043-06
52,a03-043-07
0,a05-073-00
0,a05-073-01
0,a05-073-04
0,a05-073-06
0,a05-073-07
0,a05-073-08
0,a05-073-09
78,a06-075-00
78,a06-075-01
78,a06-075-02
78,a06-075-03
78,a06-075-05
237,e04-062-00
237,e04-062-01
237,e04-062-03
237,e04-062-04
237,e04-062-07
90,b01-049-04
158,e04-000-00
158,e04-000-01
158,e04-000-03
158,e04-000-04
158,e04-000-05
158,e04-000-06
158,c04-008-01
158,c04-008-02
139,c02-007-00
139,c02-007-01
139,c02-007-02
139,c02-007-03
139,c02-007-06
139,c02-007-08
144,c02-049-00
144,c02-049-01
144,c02-049-03
144,c02-049-05
144,c02-049-06
144,c02-049-07
144,c02-049-08
272,f04-004-00
272,f04-004-02
272,f04-004-04
272,f04-004-06
47,a03-027-00
47,a03-027-04
47,a03-027-08
128,c06-027-00
128,c06-027-01
128,c06-027-02
128,c06-027-03
128,c06-027-04
128,c06-027-06
128,c06-027-07
0,a01-122u-00
0,a01-122u-01
0,a01-122u-02
0,a01-122u-03
0,a01-122u-04
0,a01-122u-06
0,a01-122u-07
0,a01-122u-08
120,b05-079-00
120,b05-079-01
120,b05-079-02
120,b05-079-03
120,b05-079-05
120,b05-079-06
120,b05-079-09
274,g04-026-06
152,c03-021c-00
152,c03-021c-01
152,c03-021c-02
152,c03-021c-03
152,c03-021c-04
152,c03-021c-05
152,c03-021c-06
152,c03-021c-08
114,b04-208-00
114,b04-208-01
108,b04-040-05
110,b04-103-00
110,b04-103-04
212,e01-029-00
212,e01-029-01
212,e01-029-02
212,e01-029-03
212,e01-029-04
212,e01-029-05
212,e01-029-06
212,e01-029-07
212,e01-029-08
0,a01-113u-00
0,a01-113u-01
0,a01-113u-05
0,a01-113u-06
0,a01-113u-07
0,a01-113u-08
0,a01-113u-10
95,b02-013-00
95,b02-013-01
95,b02-013-02
95,b02-013-03
95,b02-013-04
95,b02-013-05
95,b02-013-06
95,b02-013-08
0,a05-104-00
0,a05-104-01
0,a05-104-03
0,a05-104-04
0,a05-104-05
0,a05-104-07
0,a05-104-08
0,a01-082u-00
0,a01-082u-01
0,a01-082u-02
0,a01-082u-03
0,a01-082u-04
0,a01-082u-05
0,a01-082u-06
0,a01-082u-07
0,a01-082u-08
0,a01-082u-09
58,a04-006-00
58,a04-006-01
58,a04-006-03
58,a04-006-06
58,a04-006-07
58,a04-006-08
58,a04-006-09
155,c03-096f-00
155,c03-096f-01
155,c03-096f-02
155,c03-096f-03
155,c03-096f-04
155,c03-096f-05
155,c03-096f-06
155,c03-096f-07
160,c04-023-03
89,b01-038-01
89,b01-038-02
89,b01-038-03
89,b01-038-05
89,b01-038-06
89,b01-038-07
89,b01-038-08
89,b01-038-09
89,b01-038-10
0,a01-003u-00
0,a01-003u-01
0,a01-003u-02
0,a01-003u-03
0,a01-003u-04
0,a01-003u-05
0,a01-003u-06
0,a01-003u-07
0,a01-003u-08
0,a01-003u-09
72,a06-039-00
72,a06-039-01
72,a06-039-05
72,a06-039-07
72,a06-039-08
72,a06-039-09
72,a06-039-10
160,c04-028-03
160,c04-028-04
160,c04-028-05
160,c04-028-07
152,c03-084c-05
152,c03-084c-06
247,e07-079-00
247,e07-079-02
247,e07-079-03
247,e07-079-04
247,e07-079-07
247,e07-079-08
247,e07-079-09
0,a03-071-00
0,a03-071-01
0,a03-071-02
0,a03-071-03
0,a03-071-04
0,a03-071-06
83,a06-114-01
83,a06-114-02
83,a06-114-04
83,a06-114-05
83,a06-114-06
83,a06-114-08
214,e01-086-03
214,e01-086-05
214,e01-086-06
130,b06-059-00
130,b06-059-01
130,b06-059-03
130,b06-059-04
130,b06-059-05
130,b06-059-06
130,b06-059-07
130,b06-059-08
130,b06-059-09
0,a05-022-00
0,a05-022-01
0,a05-022-03
0,a05-022-04
0,a05-022-05
0,a05-022-06
233,e04-030-00
233,e04-030-03
233,e04-030-04
233,e04-030-05
233,e04-030-06
153,c03-087d-00
153,c03-087d-01
153,c03-087d-02
153,c03-087d-03
153,c03-087d-04
153,c03-087d-05
153,c03-087d-06
153,c03-087d-07
109,b04-066-05
6,a01-011x-00
6,a01-011x-01
6,a01-011x-02
6,a01-011x-03
6,a01-011x-04
6,a01-011x-05
6,a01-011x-06
6,a01-011x-07
6,a01-011x-08
130,c06-031-03
130,c06-031-04
130,c06-031-06
242,e04-114-00
242,e04-114-02
242,e04-114-06
242,e04-114-07
18,a01-113-06
18,a01-113-07
155,c03-087f-00
155,c03-087f-02
155,c03-087f-03
155,c03-087f-04
155,c03-087f-05
155,c03-087f-06
155,c03-087f-07
155,c03-087f-08
273,g04-007-00
273,g04-007-02
273,g04-007-03
273,g04-007-04
273,g04-007-05
273,g04-007-07
53,a03-054-00
53,a03-054-01
53,a03-054-03
53,a03-054-04
53,a03-054-05
53,a03-054-06
53,a03-054-07
53,a03-054-08
53,a03-054-09
258,f02-003-02
246,e07-012-00
246,e07-012-01
246,e07-012-02
246,e07-012-03
246,e07-012-04
246,e07-012-06
246,e07-012-07
246,e07-012-10
273,g04-095-00
273,g04-095-02
273,g04-095-05
273,g04-095-06
128,c06-128-00
128,c06-128-01
128,c06-128-02
128,c06-128-03
128,c06-128-04
128,c06-128-05
128,c06-128-07
128,c06-128-08
248,e07-094-02
248,e07-094-03
248,e07-094-04
248,e07-094-05
248,e07-094-07
133,b06-100-00
133,b06-100-01
133,b06-100-02
133,b06-100-03
133,b06-100-05
133,b06-100-06
133,b06-100-07
133,b06-100-08
133,b06-100-09
225,e02-086-08
162,c04-056-02
162,c04-056-05
162,c04-056-06
162,c04-056-07
162,c04-056-08
155,c03-021f-00
155,c03-021f-01
155,c03-021f-02
155,c03-021f-03
155,c03-021f-04
155,c03-021f-06
155,c03-021f-07
155,c03-021f-08
155,c03-021f-09
153,c03-000d-00
153,c03-000d-01
153,c03-000d-02
153,c03-000d-05
153,c03-000d-07
154,c03-021e-00
154,c03-021e-01
154,c03-021e-02
154,c03-021e-03
154,c03-021e-04
154,c03-021e-05
154,c03-021e-06
154,c03-021e-08
154,c03-021e-09
131,c06-095-03
131,c06-095-04
243,e04-127-06
94,b01-132-00
94,b01-132-01
94,b01-132-03
94,b01-132-05
94,b01-132-06
94,b01-132-07
94,b01-132-08
100,b03-025-06
89,b01-027-01
89,b01-027-02
89,b01-027-03
89,b01-027-04
89,b01-027-05
89,b01-027-06
89,b01-027-07
89,b01-027-08
58,a04-010-00
58,a04-010-01
58,a04-010-03
58,a04-010-05
58,a04-010-06
58,a04-010-07
58,a04-010-08
25,a02-024-00
25,a02-024-02
25,a02-024-03
25,a02-024-04
25,a02-024-06
12,a01-043-00
12,a01-043-01
12,a01-043-02
12,a01-043-03
12,a01-043-05
12,a01-043-06
12,a01-043-07
12,a01-043-08
60,a04-039-00
60,a04-039-05
60,a04-039-06
60,a04-039-07
60,a04-039-08
60,a04-039-09
2,a01-003-00
2,a01-003-01
2,a01-003-03
2,a01-003-05
2,a01-003-06
2,a01-003-07
0,a05-062-00
0,a05-062-01
0,a05-062-02
0,a05-062-03
0,a05-062-04
0,a05-062-05
0,a05-062-06
0,a05-062-07
0,a05-062-08
155,c03-007f-00
155,c03-007f-03
155,c03-007f-04
155,c03-007f-06
155,c03-007f-07
155,c03-007f-08
152,c03-007c-00
152,c03-007c-01
152,c03-007c-02
152,c03-007c-03
152,c03-007c-04
152,c03-007c-06
152,c03-007c-07
155,c03-003f-00
155,c03-003f-01
155,c03-003f-02
155,c03-003f-03
155,c03-003f-04
155,c03-003f-05
155,c03-003f-06
155,c03-003f-07
155,c03-003f-08
213,e01-050-00
213,e01-050-01
213,e01-050-02
213,e01-050-03
213,e01-050-06
231,e04-015-00
231,e04-015-02
231,e04-015-04
231,e04-015-05
231,e04-015-06
107,b04-020-00
107,b04-020-01
107,b04-020-03
107,b04-020-04
107,b04-020-06
107,b04-020-08
0,a05-039-00
0,a05-039-01
0,a05-039-02
0,a05-039-03
0,a05-039-04
0,a05-039-05
0,a05-039-07
0,a05-039-08
0,a05-039-09
0,a05-039-10
95,b02-035-01
95,b02-035-02
95,b02-035-03
95,b02-035-04
95,b02-035-06
95,b02-035-07
95,b02-035-08
95,b02-035-09
95,b02-035-10
14,a01-053x-00
14,a01-053x-04
14,a01-053x-05
14,a01-053x-06
14,a01-053x-07
61,a04-059-01
61,a04-059-02
61,a04-059-03
61,a04-059-05
61,a04-059-06
110,b04-081-00
110,b04-081-01
110,b04-081-03
110,b04-081-04
110,b04-081-05
246,e07-061-00
246,e07-061-01
246,e07-061-02
246,e07-061-03
246,e07-061-05
246,e07-061-06
246,e07-061-07
246,e07-061-08
246,e07-061-09
123,c06-100-00
123,c06-100-01
123,c06-100-02
123,c06-100-03
123,c06-100-04
123,c06-100-07
114,b04-202-00
114,b04-202-05
114,b04-202-06
273,f04-007-00
273,f04-007-02
273,f04-007-03
273,f04-007-04
273,f04-007-05
273,f04-007-06
129,c06-103-01
129,c06-103-02
129,c06-103-04
129,c06-103-05
129,c06-103-06
129,c06-103-07
129,c06-103-08
217,f01-139-02
217,f01-139-06
12,a01-049-00
12,a01-049-01
12,a01-049-04
12,a01-049-05
12,a01-049-06
12,a01-049-07
12,a01-049-09
12,a01-049-10
92,b01-094-00
92,b01-094-01
92,b01-094-02
92,b01-094-03
92,b01-094-04
92,b01-094-05
92,b01-094-06
92,b01-094-07
126,b06-110-02
126,b06-110-06
66,a06-000-00
66,a06-000-01
66,a06-000-02
66,a06-000-03
66,a06-000-04
66,a06-000-05
66,a06-000-06
152,c03-003c-00
152,c03-003c-02
152,c03-003c-03
152,c03-003c-04
152,c03-003c-05
152,c03-003c-06
117,b05-050-00
117,b05-050-01
117,b05-050-02
117,b05-050-03
117,b05-050-05
117,b05-050-06
117,b05-050-07
25,a02-027-00
25,a02-027-03
25,a02-027-07
25,a02-027-08
140,c02-012-00
140,c02-012-01
140,c02-012-03
140,c02-012-06
140,c02-012-08
140,c02-012-09
0,a05-080-00
0,a05-080-01
0,a05-080-02
0,a05-080-03
0,a05-080-06
0,a05-080-07
0,a05-080-08
127,b06-053-00
127,b06-053-01
127,b06-053-02
127,b06-053-04
127,b06-053-05
127,b06-053-06
127,b06-053-07
127,b06-053-08
127,b06-053-09
127,b06-053-10
16,a01-102-00
16,a01-102-01
16,a01-102-02
16,a01-102-03
16,a01-102-04
16,a01-102-07
16,a01-102-08
16,a01-102-09
150,c03-094a-01
150,c03-094a-02
150,c03-094a-04
150,c03-094a-06
150,c03-094a-08
90,b01-053-03
90,b01-053-04
90,b01-053-05
90,b01-053-06
163,c04-061-00
163,c04-061-01
163,c04-061-02
163,c04-061-04
163,c04-061-05
163,c04-061-06
