writer_id,line_id,Text
103,p01-168-02-05_103_fancy,fancy
60,f07-088a-01-06_60_genius,genius
88,f07-088b-05-08_88_coarse,coarse
13,g04-048-04-04_13_chapel,chapel
64,e06-003-09-02_64_channel,channel
2,n02-004-03-11_2_mood,mood
36,g01-008-06-02_36_dreary,dreary
39,m04-138-00-05_39_sullen,sullen
46,d04-012-07-03_46_loves,loves
156,n04-052-05-06_156_grata,grata
12,d05-008-06-02_12_issued,issued
129,d04-096-00-13_129_Water,Water
60,f07-076a-05-00_60_opulent,opulent
13,g04-048-03-07_13_altar,altar
106,f04-032-08-06_106_inquest,inquest
28,m02-059-03-11_28_meal,meal
152,n03-126-02-08_152_heave,heave
51,d06-027-00-03_51_Loving,Loving
84,d06-008-04-01_84_harvest,harvest
10,d06-041-00-05_10_conveys,conveys
75,m06-067-00-09_75_Haris,Haris
64,e06-030-08-04_64_drift,drift
57,d04-086-00-06_57_sealed,sealed
68,d04-032-00-02_68_daily,daily
12,d05-008-01-01_12_throne,throne
76,g01-045-03-07_76_royal,royal
124,d01-123-03-08_124_unused,unused
28,m02-059-05-03_28_Mib,Mib
104,g01-019-03-06_104_navy,navy
124,d01-118-03-04_124_codex,codex
26,d07-096-04-00_26_accord,accord
34,e06-033-07-06_34_salmon,salmon
134,f07-024a-06-05_134_coals,coals
53,m02-055-03-08_53_bedroom,bedroom
58,g03-040-05-06_58_rented,rented
134,f07-024a-05-01_134_subside,subside
129,d04-101-03-07_129_inherit,inherit
117,f07-019b-05-01_117_dishes,dishes
35,n03-113-01-01_35_worried,worried
147,d04-047-04-02_147_Tanis,Tanis
92,g01-067-03-07_92_sixteen,sixteen
64,e06-030-09-02_64_rump,rump
98,p03-080-06-03_98_Load,Load
140,d05-040-01-00_140_Laud,Laud
39,m04-123-09-01_39_lone,lone
117,f07-016-00-04_117_spice,spice
51,d06-096-02-02_51_forty,forty
46,d04-016-06-06_46_helps,helps
88,f07-101b-02-05_88_Carlyle,Carlyle
19,n06-140-01-05_19_shrill,shrill
151,g02-059-07-04_151_frogs,frogs
111,m02-095-05-05_111_impulse,impulse
93,f04-083-07-11_93_Hill,Hill
11,f07-073-07-02_11_Goja,Goja
114,p06-030-01-00_114_steely,steely
16,p01-155-09-02_16_Satanic,Satanic
88,f07-092b-04-03_88_cloth,cloth
121,m04-061-02-04_121_Isaiah,Isaiah
133,p02-101-01-04_133_unkind,unkind
116,n01-052-00-03_116_Modena,Modena
105,d04-111-04-01_105_literal,literal
156,n04-075-07-03_156_Courier,Courier
117,f07-021b-07-06_117_pottage,pottage
18,g04-022-05-02_18_choral,choral
96,g02-065-04-03_96_cardiac,cardiac
57,d04-089-07-03_57_dwells,dwells
11,f07-084b-08-00_11_saffron,saffron
139,n01-036-05-07_139_knots,knots
155,f04-068-05-00_155_Lefroy,Lefroy
114,p06-042-05-03_114_dare,dare
88,f07-096-03-05_88_beer,beer
157,p02-027-01-03_157_jealous,jealous
156,n04-060-01-09_156_wallahs,wallahs
92,g01-070-02-01_92_yield,yield
51,d06-027-07-03_51_Thee,Thee
114,p06-088-09-07_114_inquest,inquest
12,d05-008-04-02_12_grown,grown
121,m04-038-03-01_121_Isaiah,Isaiah
99,e06-026-00-00_99_Drift,Drift
98,p03-080-02-03_98_staff,staff
19,n06-128-04-05_19_shallow,shallow
17,p03-072-04-08_17_Load,Load
40,m01-084-00-00_40_Deadly,Deadly
79,p02-150-04-08_79_Lilyan,Lilyan
150,f07-006-02-07_150_peasant,peasant
19,n06-133-04-14_19_sang,sang
92,g01-074-07-04_92_jealous,jealous
75,m06-056-00-00_75_Haris,Haris
92,g01-074-02-02_92_Genoa,Genoa
64,e06-015-09-00_64_spawn,spawn
144,n02-040-01-00_144_Boxer,Boxer
60,f07-092a-02-06_60_turbot,turbot
53,m02-055-07-01_53_Mocrat,Mocrat
126,g03-043-02-03_126_Charlie,Charlie
32,m03-006-04-08_32_secrets,secrets
77,n04-009-01-01_77_ashore,ashore
141,m01-060-04-00_141_mankind,mankind
153,d01-049-02-10_153_exhibit,exhibit
143,n02-054-08-03_143_shaded,shaded
26,d07-082-00-04_26_Mishnah,Mishnah
66,c04-110-00-08_66_presto,presto
11,f07-084b-07-10_11_mussels,mussels
1,m02-048-02-00_1_January,January
16,p01-155-06-03_16_leaping,leaping
64,e06-015-04-05_64_Anglia,Anglia
64,e06-015-04-01_64_Effects,Effects
40,m01-084-07-03_40_BBC,BBC
59,n04-100-01-00_59_Check,Check
88,f07-088b-05-02_88_supper,supper
29,d01-104-04-03_29_Pompeii,Pompeii
88,f07-088b-06-02_88_bowl,bowl
72,m01-079-03-02_72_garaged,garaged
75,m06-048-07-04_75_souls,souls
136,d01-085-02-09_136_roll,roll
75,m06-031-00-06_75_Stop,Stop
114,p06-030-01-08_114_lashed,lashed
88,f07-096-04-07_88_oysters,oysters
96,g02-065-09-02_96_impulse,impulse
109,m04-081-06-03_109_Went,Went
123,g07-079a-03-00_123_crumble,crumble
121,m04-061-02-13_121_uncivil,uncivil
117,f07-024b-10-01_117_lifted,lifted
109,m04-072-10-00_109_Ward,Ward
71,n02-049-00-07_71_riles,riles
128,n03-097-06-02_128_boom,boom
149,r03-053-07-06_149_fake,fake
56,d04-058-03-07_56_kindled,kindled
109,m04-078-04-06_109_Mam,Mam
26,d07-093-06-06_26_quoting,quoting
131,m03-020-03-04_131_arrows,arrows
133,p02-101-02-03_133_packet,packet
124,d01-123-03-06_124_roll,roll
150,f07-002-07-03_150_burnt,burnt
19,n06-111-05-03_19_ridge,ridge
151,g02-059-04-08_151_thicken,thicken
98,p03-080-04-08_98_lad,lad
7,m01-136-09-02_7_tuning,tuning
68,d04-032-03-03_68_Shamirs,Shamirs
39,m04-138-06-07_39_tearing,tearing
66,c04-110-00-07_66_hey,hey
155,f04-068-04-06_155_Gold,Gold
41,n02-157-07-06_41_wid,wid
70,p02-008-01-00_70_taxi,taxi
129,d04-096-05-08_129_binds,binds
4,n04-213-04-08_4_Senior,Senior
134,f07-021a-05-08_134_pottage,pottage
11,f07-073-04-02_11_roll,roll
129,d04-101-04-09_129_Psalm,Psalm
34,d06-037-01-03_34_tossing,tossing
39,m04-107-09-02_39_Quietly,Quietly
114,p06-030-05-06_114_hers,hers
84,c06-011-07-01_84_chums,chums
105,d04-111-02-07_105_Saud,Saud
12,d05-021-04-04_12_Supper,Supper
63,n03-038-02-07_63_wine,wine
71,n02-028-02-07_71_aloof,aloof
26,d07-100-02-06_26_Rami,Rami
39,m04-131-07-02_39_verse,verse
88,g07-000b-02-08_88_Count,Count
82,g02-062-00-11_82_beat,beat
26,d07-096-02-03_26_sugya,sugya
51,d06-056-05-09_51_seated,seated
60,f07-088a-08-02_60_coarse,coarse
88,f07-092b-00-01_88_Gabriel,Gabriel
142,m01-104-03-03_142_zeal,zeal
120,p02-022-01-03_120_moon,moon
117,f07-024b-07-05_117_embers,embers
125,f04-079-07-01_125_stretch,stretch
75,m06-083-04-02_75_knives,knives
130,c04-144-03-03_130_ACTOR,ACTOR
76,g01-039-00-07_76_yeomen,yeomen
11,f07-069-09-06_11_vivid,vivid
86,g03-032-04-02_86_Flag,Flag
146,g03-004-04-10_146_buns,buns
137,m02-072-04-10_137_homage,homage
129,d04-096-00-04_129_Freedom,Freedom
88,g07-000b-02-09_88_Gamba,Gamba
6,g01-031-10-04_6_vain,vain
99,e06-026-03-01_99_winds,winds
129,d04-096-02-02_129_BRITH,BRITH
66,c04-110-00-00_66_Become,Become
45,n02-033-05-05_45_treat,treat
156,n04-068-07-06_156_mock,mock
77,m04-246-03-03_77_Quelled,Quelled
143,n02-054-08-05_143_citrus,citrus
117,f07-016-03-00_117_tongues,tongues
84,d06-020-08-04_84_nearer,nearer
124,d01-123-00-01_124_verso,verso
75,m06-076-00-02_75_lets,lets
77,m04-246-04-04_77_glasses,glasses
75,m06-031-04-07_75_die,die
62,e06-010-06-05_62_roughs,roughs
26,d07-096-05-05_26_sugyoth,sugyoth
83,n01-057-01-03_83_Bentley,Bentley
54,m02-069-01-08_54_Earth,Earth
158,p02-139-00-12_158_dearie,dearie
41,n02-157-04-04_41_sunken,sunken
129,d04-096-05-05_129_Hebrew,Hebrew
76,g01-039-05-00_76_nal,nal
65,f04-064-02-05_65_peal,peal
134,f07-021a-07-03_134_sighed,sighed
46,d04-016-00-04_46_worm,worm
97,p03-012-01-00_97_ful,ful
124,e01-055-07-00_124_revived,revived
99,d06-104-07-06_99_pupil,pupil
14,n04-163-00-04_14_Fleet,Fleet
62,e06-046-02-00_62_sand,sand
12,d05-025-08-02_12_Books,Books
130,c04-144-01-01_130_switch,switch
155,f04-071-01-08_155_victim,victim
5,m01-095-02-01_5_saucer,saucer
52,n03-120-04-03_52_tossed,tossed
71,n02-028-07-03_71_betaken,betaken
125,f04-074-08-11_125_plump,plump
101,d03-117-04-07_101_boasts,boasts
19,n06-119-02-08_19_Rockies,Rockies
150,f07-009-05-01_150_meal,meal
26,d07-089-01-04_26_verse,verse
62,e06-010-03-07_62_layers,layers
77,m04-246-06-02_77_marge,marge
3,p02-076-05-00_3_seeming,seeming
46,d04-012-05-09_46_worm,worm
89,p02-000-02-02_89_luggage,luggage
121,m04-061-04-09_121_Joy,Joy
25,f04-053-00-07_25_dragged,dragged
75,m06-106-07-08_75_ugly,ugly
40,m01-084-05-00_40_shaving,shaving
75,m06-031-01-11_75_Appa,Appa
143,n02-054-08-01_143_fringed,fringed
11,f07-073-04-06_11_pastry,pastry
151,g02-059-02-10_151_animals,animals
26,d07-102-02-03_26_Spirit,Spirit
10,d06-060-02-06_10_feared,feared
117,f07-013-00-06_117_offers,offers
26,d07-089-10-04_26_thesis,thesis
51,d06-056-02-00_51_Any,Any
117,f07-021b-06-03_117_Esau,Esau
105,d04-111-10-03_105_Mortar,Mortar
124,d01-123-07-07_124_codex,codex
95,p01-147-02-07_95_spades,spades
5,m01-095-02-05_5_dipping,dipping
39,m04-131-01-04_39_Driver,Driver
12,d05-030-00-00_12_Forever,Forever
117,f07-024b-08-02_117_coals,coals
13,g04-043-07-07_13_chapel,chapel
39,m04-113-03-08_39_Roberts,Roberts
27,m02-066-04-03_27_Mos,Mos
11,f07-073-08-07_11_ardour,ardour
15,d04-021-02-00_15_diamond,diamond
77,m04-238-01-00_77_Stared,Stared
66,c04-116-02-11_66_likes,likes
134,f07-024a-05-00_134_length,length
64,e06-003-03-05_64_flow,flow
72,m01-079-04-07_72_vain,vain
147,d04-053-00-00_147_Freedom,Freedom
57,d04-089-04-10_57_Bitter,Bitter
13,g04-048-01-00_13_warming,warming
109,m04-072-09-04_109_whisked,whisked
16,p01-155-05-04_16_chapel,chapel
15,d04-028-02-00_15_creak,creak
144,n02-040-03-06_144_clutch,clutch
114,p06-104-09-01_114_deceit,deceit
64,e06-015-02-02_64_dim,dim
138,p02-109-05-02_138_cad,cad
26,d07-089-09-00_26_Name,Name
3,p02-081-07-02_3_flashed,flashed
5,m01-095-01-03_5_braked,braked
77,m04-246-05-06_77_loaves,loaves
12,d05-021-03-00_12_verily,verily
145,n03-066-06-07_145_refill,refill
64,e06-015-05-05_64_Knoll,Knoll
35,n03-113-09-02_35_clothes,clothes
88,f07-096-01-07_88_gulping,gulping
131,m03-020-03-00_131_lion,lion
114,p06-096-09-00_114_stances,stances
19,n06-082-06-08_19_folks,folks
130,c04-150-04-00_130_craggy,craggy
19,n06-111-07-05_19_Gilburg,Gilburg
150,f07-002-02-07_150_dish,dish
129,d04-096-03-13_129_salt,salt
19,n06-128-08-01_19_pairs,pairs
146,g03-004-00-03_146_ovens,ovens
90,m01-049-02-04_90_aghast,aghast
107,p03-047-04-03_107_Phil,Phil
109,m04-100-05-04_109_boomed,boomed
75,m06-083-05-09_75_Bondi,Bondi
157,p02-027-03-11_157_glanced,glanced
44,g03-064-05-00_44_cessary,cessary
46,d04-012-06-07_46_fulfils,fulfils
146,g03-004-01-00_146_dously,dously
11,f07-073-02-03_11_paprika,paprika
24,n01-031-02-06_24_Ahead,Ahead
99,d06-025-07-04_99_Using,Using
39,m04-113-04-02_39_dogged,dogged
149,n02-114-09-00_149_courage,courage
19,n06-119-03-00_19_lifted,lifted
24,n01-020-06-05_24_screen,screen
29,d01-104-01-05_29_Natural,Natural
139,n01-036-04-01_139_tiny,tiny
123,f07-000-03-00_123_rican,rican
14,n04-163-06-11_14_missus,missus
144,n02-040-00-07_144_Judy,Judy
19,n06-128-01-07_19_camp,camp
10,d06-041-03-06_10_Suppose,Suppose
130,c04-150-05-03_130_ugly,ugly
26,d07-082-07-03_26_Rami,Rami
134,f07-024a-02-05_134_feast,feast
96,g02-065-07-04_96_distal,distal
16,p01-155-02-06_16_ugly,ugly
6,g01-037-03-03_6_release,release
106,f04-032-00-08_106_flood,flood
75,m06-031-01-10_75_Band,Band
100,p03-173-02-06_100_tawny,tawny
140,d05-040-02-06_140_Prayer,Prayer
99,e06-026-02-03_99_east,east
61,n03-064-04-03_61_rocks,rocks
134,f07-021a-04-08_134_Esau,Esau
101,d03-117-05-09_101_Stone,Stone
11,f07-073-09-00_11_streaks,streaks
129,d04-096-01-10_129_Torah,Torah
59,n04-100-05-04_59_verge,verge
156,n04-060-01-03_156_Drink,Drink
134,f07-024a-03-02_134_grill,grill
128,n03-103-03-03_128_wharf,wharf
72,m01-079-01-08_72_path,path
53,m02-055-04-08_53_moaned,moaned
66,c04-116-01-18_66_hits,hits
59,n04-107-00-05_59_Bath,Bath
93,f04-087-03-07_93_Hone,Hone
61,n03-064-00-00_61_Around,Around
60,f07-076a-03-05_60_caraway,caraway
100,p03-173-08-00_100_receive,receive
47,m02-080-05-06_47_banged,banged
134,f07-024a-00-02_134_Homer,Homer
4,n04-209-00-08_4_exhaust,exhaust
95,p01-147-04-10_95_seated,seated
109,m04-100-04-05_109_Mutual,Mutual
75,m06-091-02-00_75_Flor,Flor
145,n03-066-05-01_145_flung,flung
91,p03-027-04-05_91_ominous,ominous
121,m04-061-03-17_121_Leap,Leap
125,f04-079-00-02_125_wrists,wrists
131,m03-020-00-07_131_Trout,Trout
79,p02-150-04-12_79_sensing,sensing
67,c04-165-05-01_67_Brogan,Brogan
116,n01-052-01-02_116_bridge,bridge
134,f07-024a-04-11_134_flames,flames
107,p03-047-05-01_107_Gubbins,Gubbins
149,n02-120-06-01_149_Forrest,Forrest
142,m01-121-04-00_142_ting,ting
95,p01-147-06-06_95_Strange,Strange
100,p03-173-02-02_100_combing,combing
117,f07-016-09-02_117_feast,feast
19,n06-123-04-05_19_shale,shale
12,d05-025-02-07_12_Milton,Milton
122,d04-066-02-01_122_bind,bind
60,f07-081a-08-00_60_writers,writers
19,n06-111-03-09_19_wheeled,wheeled
119,d04-131-06-06_119_Lot,Lot
71,n02-049-04-08_71_letting,letting
113,p02-105-06-01_113_Simone,Simone
149,g03-049-03-00_149_Conrad,Conrad
25,f04-057-04-05_25_tunnels,tunnels
24,n01-031-05-00_24_scanner,scanner
104,g01-012-02-04_104_Gaunt,Gaunt
19,n06-074-06-00_19_Jeannie,Jeannie
134,f07-024a-05-08_134_glowing,glowing
64,e06-003-09-05_64_Dogger,Dogger
26,d07-085-06-03_26_Book,Book
60,f07-076a-03-06_60_perfume,perfume
47,m02-080-04-00_47_plump,plump
135,p02-069-06-06_135_booked,booked
19,n06-119-04-01_19_drawing,drawing
134,f07-024a-02-08_134_dish,dish
19,n06-128-03-06_19_canyon,canyon
30,g01-027-07-02_30_wealth,wealth
11,f07-081b-01-01_11_gusto,gusto
62,d06-111-04-10_62_factors,factors
117,f07-016-03-03_117_surfeit,surfeit
115,d01-019-04-01_115_damaged,damaged
14,n04-163-03-04_14_pubs,pubs
35,n03-113-02-03_35_ashore,ashore
88,f07-096-05-03_88_baked,baked
77,m04-238-04-04_77_Newydd,Newydd
95,p01-147-03-01_95_forks,forks
125,f04-079-03-03_125_roared,roared
127,p03-029-03-07_127_rarely,rarely
25,f04-057-07-07_25_travel,travel
25,f04-057-08-01_25_tunnels,tunnels
121,m04-043-00-01_121_Left,Left
68,d04-032-05-04_68_Altar,Altar
19,n06-092-05-06_19_mining,mining
60,f07-088a-07-02_60_supper,supper
57,d04-086-05-02_57_mortar,mortar
132,n01-004-03-01_132_checked,checked
25,f04-053-02-01_25_verdict,verdict
53,m02-055-06-02_53_hers,hers
99,d06-025-05-00_99_dwells,dwells
105,d04-111-00-10_105_Moraur,Moraur
150,f07-009-04-07_150_sharing,sharing
19,n06-074-03-10_19_reining,reining
60,f07-076a-02-05_60_gypsy,gypsy
33,d04-050-01-05_33_united,united
56,d04-058-05-05_56_lest,lest
11,f07-084b-03-07_11_waxed,waxed
150,f07-006-02-06_150_thrifty,thrifty
80,m01-131-03-01_80_paced,paced
120,p02-022-04-04_120_hers,hers
60,f07-084a-08-00_60_broth,broth
125,f04-079-04-01_125_letters,letters
107,p03-047-09-04_107_Load,Load
6,g01-034-00-08_6_victory,victory
134,f07-021a-03-09_134_Jacob,Jacob
64,e06-003-07-01_64_Fladen,Fladen
46,d04-012-02-02_46_SHAMIR,SHAMIR
56,d04-058-01-01_56_masters,masters
31,f04-043-07-02_31_nowhere,nowhere
109,m04-093-03-02_109_Looked,Looked
57,d04-086-01-06_57_sealed,sealed
48,c04-139-03-03_48_Malcolm,Malcolm
124,d01-123-02-00_124_sending,sending
88,f07-096-04-01_88_Dickens,Dickens
7,m01-136-01-03_7_awaited,awaited
48,c04-134-02-02_48_stars,stars
36,g01-008-00-09_36_Vienne,Vienne
58,g03-040-04-04_58_Corner,Corner
62,e06-010-01-01_62_descent,descent
26,d07-100-02-04_26_verse,verse
62,e06-010-00-03_62_trench,trench
48,c04-134-02-06_48_Hiding,Hiding
83,n01-057-02-04_83_bridge,bridge
62,e06-010-04-02_62_Bottom,Bottom
130,c04-150-02-10_130_gawky,gawky
95,p01-147-09-00_95_gasp,gasp
146,g03-004-02-04_146_bread,bread
113,p02-105-07-00_113_kisses,kisses
92,g01-074-03-02_92_Kyrkby,Kyrkby
140,d05-040-03-07_140_bishop,bishop
149,n02-127-03-10_149_push,push
39,m04-131-06-04_39_flock,flock
34,d06-100-01-03_34_groove,groove
50,p02-115-00-08_50_Wake,Wake
2,n02-004-02-06_2_bland,bland
109,m04-072-07-01_109_clips,clips
149,g03-049-01-03_149_parsons,parsons
39,m04-107-00-02_39_Eth,Eth
36,g01-004-04-06_36_Jean,Jean
26,d07-100-00-09_26_Temple,Temple
154,p02-135-00-04_154_dance,dance
142,m01-104-06-00_142_caped,caped
92,g01-074-06-00_92_quarrel,quarrel
139,n01-036-01-07_139_haze,haze
138,p02-109-06-00_138_weakly,weakly
76,g01-045-09-00_76_vely,vely
64,e06-015-03-03_64_harder,harder
12,d05-030-06-01_12_Jesuit,Jesuit
34,e06-033-04-05_34_tide,tide
104,g01-019-01-05_104_via,via
129,d04-101-03-00_129_meek,meek
144,n02-045-08-00_144_fault,fault
158,p02-139-01-05_158_cards,cards
61,n03-064-00-02_61_rounded,rounded
51,e06-000-03-04_51_daytime,daytime
52,n03-120-09-00_52_huh,huh
52,n03-120-02-00_52_dragged,dragged
143,n02-054-08-00_143_path,path
122,d04-066-06-00_122_ne,ne
109,m04-093-04-05_109_bless,bless
156,n04-060-05-07_156_Jerry,Jerry
99,d06-104-09-03_99_Friday,Friday
156,n04-048-09-01_156_tonic,tonic
14,n04-130-04-06_14_rim,rim
122,d04-066-08-06_122_befall,befall
125,f04-074-04-09_125_unhappy,unhappy
114,p06-047-07-03_114_pad,pad
92,g01-067-04-09_92_groat,groat
88,f07-096-00-00_88_Wagner,Wagner
152,n03-126-01-05_152_Toss,Toss
53,m02-055-08-04_53_Rocket,Rocket
60,f07-092a-05-06_60_cloth,cloth
117,f07-024b-00-02_117_Homer,Homer
75,m06-106-07-01_75_gravity,gravity
99,e06-026-08-06_99_Norfolk,Norfolk
134,f07-024a-01-08_134_boiling,boiling
75,m06-048-05-03_75_souls,souls
48,c04-134-05-00_48_THREE,THREE
117,f07-024b-06-01_117_flames,flames
124,e01-055-03-01_124_covers,covers
91,p03-027-02-01_91_shouted,shouted
36,g01-008-07-01_36_Gaunt,Gaunt
128,n03-097-08-01_128_recover,recover
103,p01-168-04-00_103_hunted,hunted
150,f07-006-05-05_150_morsels,morsels
130,c04-150-06-04_130_Potter,Potter
93,f04-087-02-00_93_Hone,Hone
24,n01-020-04-04_24_Blanc,Blanc
19,n06-100-07-08_19_Blasted,Blasted
64,e06-015-07-02_64_travel,travel
39,m04-131-04-01_39_Eth,Eth
155,f04-071-02-01_155_foul,foul
66,c04-110-01-02_66_Bella,Bella
124,d01-123-05-06_124_quire,quire
6,g01-031-01-02_6_alien,alien
104,g01-019-01-06_104_Calais,Calais
151,g02-059-05-07_151_expels,expels
117,f07-013-03-01_117_affords,affords
60,f07-092a-04-02_60_dish,dish
86,g03-032-04-03_86_badge,badge
39,m04-123-00-02_39_awaited,awaited
112,m02-109-04-00_112_minions,minions
135,p02-069-05-00_135_Lilyan,Lilyan
109,m04-100-03-03_109_Control,Control
139,n01-036-01-00_139_naked,naked
150,f07-006-02-01_150_meal,meal
60,f07-084a-10-03_60_Green,Green
39,m04-123-09-02_39_stars,stars
118,g04-068-03-05_118_Fund,Fund
66,c04-116-02-12_66_songs,songs
155,f04-071-09-06_155_Coast,Coast
12,d05-008-02-06_12_Plot,Plot
88,f07-092b-00-00_88_Dante,Dante
70,p02-008-05-04_70_fetch,fetch
16,p01-155-02-04_16_sulky,sulky
32,m03-006-05-08_32_Indians,Indians
32,m03-006-05-02_32_jungle,jungle
68,d04-037-00-07_68_Altar,Altar
106,f04-032-08-02_106_proceed,proceed
156,n04-052-03-05_156_flashed,flashed
105,d04-111-04-04_105_Pesach,Pesach
129,d04-101-02-05_129_Torah,Torah
30,g01-025-08-04_30_prelude,prelude
11,f07-069-04-04_11_classic,classic
4,n04-218-04-07_4_Turton,Turton
11,f07-073-03-02_11_aerian,aerian
89,p02-000-06-00_89_flights,flights
9,n03-106-08-02_9_pier,pier
6,g01-037-01-07_6_tied,tied
26,d07-089-10-09_26_Levi,Levi
134,f07-019a-01-05_134_mammoth,mammoth
12,d05-030-00-06_12_Laud,Laud
90,m01-049-04-04_90_shuffle,shuffle
104,g01-016-04-00_104_plate,plate
41,n02-157-08-00_41_rocks,rocks
11,f07-084b-08-02_11_Soles,Soles
68,d04-032-05-08_68_emit,emit
139,n01-036-04-09_139_needle,needle
82,g02-062-03-08_82_Chapter,Chapter
88,f07-092b-02-00_88_turbot,turbot
67,c04-165-07-07_67_Eton,Eton
117,f07-019b-01-03_117_dishes,dishes
44,g03-064-00-00_44_Alf,Alf
124,e01-055-03-07_124_bobbles,bobbles
147,d04-047-02-00_147_summons,summons
114,p06-088-07-00_114_touched,touched
29,d01-098-04-06_29_stored,stored
39,m04-131-02-01_39_peered,peered
12,d05-025-06-05_12_Book,Book
105,d04-111-00-03_105_Matzo,Matzo
122,d04-066-08-02_122_grasp,grasp
92,g01-074-00-04_92_turmoil,turmoil
155,f04-071-02-05_155_verdict,verdict
54,m02-069-00-09_54_cosmos,cosmos
11,f07-073-05-05_11_Turks,Turks
117,f07-024b-10-02_117_urns,urns
15,d04-028-00-03_15_stone,stone
3,p02-076-03-05_3_tables,tables
19,n06-100-07-00_19_Dead,Dead
99,e06-049-05-05_99_move,move
146,g03-004-02-00_146_mix,mix
121,m04-030-01-09_121_enfold,enfold
6,g01-031-05-00_6_guilds,guilds
88,f07-101b-00-06_88_Carlyle,Carlyle
19,n06-123-02-05_19_Gilburg,Gilburg
93,f04-083-01-05_93_bun,bun
3,p02-081-01-06_3_Lilyan,Lilyan
30,g01-027-02-01_30_aside,aside
151,g02-059-03-03_151_warmer,warmer
116,n01-052-00-09_116_scanner,scanner
6,g01-031-07-06_6_booty,booty
11,f07-069-08-00_11_Hungary,Hungary
41,n02-157-05-03_41_anxious,anxious
29,d01-098-02-08_29_robust,robust
11,f07-084b-05-13_11_brew,brew
40,m01-084-04-00_40_buzzing,buzzing
40,m01-084-00-03_40_deadly,deadly
149,g03-049-04-03_149_League,League
107,p03-047-02-01_107_lad,lad
26,d07-100-09-03_26_verse,verse
108,n02-062-04-00_108_idyllic,idyllic
15,d04-021-06-14_15_stone,stone
99,e06-049-05-01_99_reaches,reaches
155,f04-068-02-08_155_tunnel,tunnel
19,n06-128-00-07_19_trail,trail
150,f07-002-01-00_150_Suffice,Suffice
76,g01-039-02-00_76_teenth,teenth
125,f04-079-04-09_125_identi,identi
44,g03-064-00-01_44_Barton,Barton
123,f07-000-07-01_123_covet,covet
88,f07-088b-06-04_88_milk,milk
121,m04-061-02-15_121_Dropped,Dropped
64,e06-030-04-03_64_breeze,breeze
130,c04-150-04-06_130_baffled,baffled
68,d04-032-07-07_68_seventh,seventh
66,c04-116-02-08_66_Pan,Pan
109,m04-100-02-09_109_bitter,bitter
121,m04-061-03-01_121_mask,mask
65,f04-064-04-00_65_sounds,sounds
129,d04-096-06-09_129_Oral,Oral
115,d01-019-03-08_115_codex,codex
17,p03-072-05-06_17_Imagine,Imagine
4,n04-202-00-00_4_Glad,Glad
136,d01-080-04-03_136_omitted,omitted
49,m03-033-03-05_49_lord,lord
117,f07-021b-05-01_117_Jacob,Jacob
51,e06-021-04-01_51_robin,robin
41,n02-157-07-04_41_boats,boats
155,f04-068-07-00_155_victim,victim
39,m04-123-09-06_39_distant,distant
92,g01-074-08-03_92_tempt,tempt
121,m04-061-02-07_121_banged,banged
42,g03-000-05-03_42_Being,Being
4,n04-218-07-06_4_harder,harder
12,d05-021-02-09_12_Christ,Christ
102,m01-149-00-09_102_Carling,Carling
90,m01-049-09-05_90_agape,agape
22,m03-114-03-08_22_Indeed,Indeed
131,m03-020-01-03_131_martyrs,martyrs
91,p03-027-05-08_91_sworn,sworn
104,g01-019-07-00_104_Calais,Calais
82,g02-062-04-08_82_gauged,gauged
9,n03-106-00-07_9_huskily,huskily
69,m01-125-03-04_69_saucers,saucers
153,d01-052-06-00_153_wording,wording
77,m04-246-06-10_77_ham,ham
109,m04-100-01-03_109_Stung,Stung
104,g01-016-04-05_104_knights,knights
87,m02-087-01-01_87_Wise,Wise
99,d06-067-02-02_99_taxes,taxes
128,n03-097-02-04_128_pier,pier
60,f07-081a-01-05_60_gusto,gusto
16,p01-155-08-00_16_dly,dly
65,f04-064-05-09_65_thrill,thrill
140,d05-040-05-03_140_handy,handy
69,m01-125-01-06_69_quiet,quiet
136,d01-080-01-04_136_Dots,Dots
148,g04-052-03-06_148_artist,artist
24,n01-020-06-02_24_peaks,peaks
75,m06-042-05-00_75_Flor,Flor
86,g03-032-04-01_86_Red,Red
149,n02-109-03-08_149_Forrest,Forrest
28,m02-059-05-02_28_Static,Static
117,f07-024b-04-03_117_grill,grill
120,p02-022-00-08_120_stroll,stroll
80,m01-131-00-07_80_enter,enter
75,m06-076-04-06_75_thumbs,thumbs
33,d04-050-03-00_33_gratify,gratify
37,p01-174-05-08_37_verger,verger
48,c04-134-00-06_48_Brave,Brave
25,f04-053-02-04_25_wilful,wilful
64,d06-107-05-05_64_toes,toes
109,m04-081-05-04_109_Peered,Peered
91,p03-027-01-13_91_tiny,tiny
88,f07-096-04-04_88_menu,menu
114,p06-052-01-02_114_deadly,deadly
24,n01-020-01-01_24_switch,switch
64,e06-003-04-03_64_related,related
74,p03-040-06-03_74_Load,Load
131,m03-020-03-07_131_hurts,hurts
9,n03-106-11-00_9_pier,pier
100,p03-173-04-06_100_seized,seized
149,r03-053-02-07_149_vowels,vowels
109,m04-078-00-05_109_luckily,luckily
88,g07-000b-03-06_88_wished,wished
155,f04-071-05-02_155_Tunnel,Tunnel
109,m04-072-03-05_109_Mofydd,Mofydd
62,d06-003-01-10_62_adults,adults
88,f07-096-03-08_88_writer,writer
14,n04-149-00-07_14_Sure,Sure
56,d04-058-04-03_56_heavens,heavens
56,d04-058-04-00_56_shut,shut
11,f07-073-09-02_11_poetry,poetry
54,m02-069-03-09_54_warp,warp
123,g07-079a-05-05_123_wedding,wedding
76,g01-045-03-05_76_fines,fines
84,d06-020-00-03_84_prayed,prayed
66,c04-110-00-13_66_star,star
11,f07-069-04-08_11_Turkish,Turkish
92,g01-067-04-04_92_poorest,poorest
1,m02-048-08-02_1_Moon,Moon
84,d06-008-03-01_84_seeds,seeds
68,d04-032-09-04_68_Sabbath,Sabbath
104,g01-016-04-02_104_mail,mail
4,n04-209-00-03_4_wafted,wafted
104,g01-019-07-08_104_Bayonne,Bayonne
39,m04-123-01-00_39_restive,restive
26,d07-096-03-06_26_Boaz,Boaz
111,m02-095-03-07_111_repel,repel
23,n02-154-00-05_23_jolt,jolt
51,d06-096-08-04_51_trains,trains
117,f07-013-08-03_117_load,load
20,g02-073-02-01_20_rouse,rouse
14,n04-163-07-00_14_lets,lets
75,m06-076-04-01_75_flyman,flyman
116,n01-052-12-03_116_Eve,Eve
6,g01-034-01-00_6_booty,booty
13,g04-048-05-03_13_quiet,quiet
75,m06-067-00-04_75_foul,foul
149,n02-127-04-05_149_whale,whale
128,n03-097-07-01_128_rope,rope
120,p02-022-08-06_120_Elaine,Elaine
8,g03-052-02-00_8_voured,voured
62,e06-010-05-01_62_optimum,optimum
14,n04-149-01-10_14_gen,gen
135,p02-069-01-06_135_Lilyan,Lilyan
134,f07-024a-01-02_134_cooking,cooking
32,m03-006-02-08_32_mules,mules
26,d07-093-03-06_26_Mishnah,Mishnah
129,d04-101-01-03_129_Torah,Torah
150,f07-006-01-04_150_impale,impale
10,d06-113-01-02_10_ensues,ensues
4,n04-209-00-07_4_diesel,diesel
109,m04-093-02-04_109_glanced,glanced
124,e01-055-03-06_124_clumsy,clumsy
48,c04-134-02-01_48_Compton,Compton
117,f07-021b-09-04_117_sighed,sighed
88,f07-096-05-10_88_veal,veal
117,f07-013-03-00_117_tation,tation
75,m06-076-00-08_75_Flor,Flor
26,d07-089-09-03_26_Gemara,Gemara
25,f04-053-00-03_25_inquest,inquest
124,d01-118-04-06_124_unused,unused
62,d06-111-06-02_62_closing,closing
66,c04-116-01-00_66_writer,writer
26,d07-089-05-07_26_Mishnah,Mishnah
13,g04-048-03-01_13_lancet,lancet
36,g01-004-03-08_36_sailed,sailed
117,f07-013-10-00_117_arts,arts
105,d04-111-09-02_105_hurled,hurled
147,d04-053-08-00_147_aside,aside
129,d04-101-04-00_129_delight,delight
115,d01-019-01-06_115_assumed,assumed
146,g03-004-02-10_146_Kate,Kate
145,n03-066-07-06_145_gale,gale
77,m04-238-05-04_77_folded,folded
10,d06-060-02-08_10_shunned,shunned
26,d07-085-05-03_26_Levi,Levi
156,n04-068-02-03_156_snub,snub
46,d04-016-02-06_46_guards,guards
11,f07-081b-02-11_11_finesse,finesse
126,g03-043-04-05_126_Also,Also
92,g01-067-09-05_92_clerics,clerics
33,d04-050-03-02_33_aims,aims
50,p02-115-07-02_50_behaves,behaves
46,d04-016-04-06_46_acid,acid
19,n06-119-05-08_19_buttes,buttes
69,m01-125-00-07_69_coast,coast
148,g04-052-02-04_148_gifts,gifts
42,g03-000-06-03_42_prizes,prizes
81,p03-023-05-01_81_lark,lark
117,f07-013-08-00_117_groaned,groaned
84,d06-008-05-02_84_forty,forty
156,n04-075-02-00_156_fault,fault
152,n03-126-04-04_152_shallow,shallow
39,m04-113-03-00_39_Joy,Joy
116,n01-052-08-06_116_Guards,Guards
90,m01-049-10-02_90_breaths,breaths
120,p02-022-08-00_120_kisses,kisses
103,p01-168-03-09_103_Mad,Mad
36,g01-004-04-08_36_Vienne,Vienne
79,p02-150-06-08_79_ashamed,ashamed
134,f07-024a-04-10_134_languid,languid
151,g02-059-01-05_151_animals,animals
34,e06-033-05-00_34_Knoll,Knoll
34,d06-072-09-05_34_builds,builds
59,n04-114-06-05_59_kids,kids
21,n01-009-04-02_21_supper,supper
61,n03-064-00-03_61_rocky,rocky
67,c04-165-07-04_67_pubs,pubs
139,n01-036-02-09_139_glanced,glanced
11,f07-069-09-02_11_Magyar,Magyar
150,f07-002-00-08_150_dictum,dictum
100,p03-173-05-02_100_hurt,hurt
60,f07-081a-04-04_60_finesse,finesse
93,f04-087-04-02_93_handbag,handbag
56,d04-062-04-00_56_adds,adds
36,g01-004-01-08_36_nobles,nobles
150,f07-002-06-07_150_gobbet,gobbet
51,d06-027-05-06_51_enemies,enemies
80,m01-131-05-03_80_tennis,tennis
36,g01-008-03-02_36_foe,foe
136,d01-085-05-06_136_column,column
134,f07-024a-03-06_134_cooked,cooked
99,e06-026-02-01_99_biased,biased
149,n02-104-02-08_149_sensing,sensing
60,f07-081a-00-04_60_inborn,inborn
114,p06-104-02-06_114_Devil,Devil
16,p01-155-04-04_16_sect,sect
17,p03-072-04-10_17_Trouble,Trouble
105,d04-111-02-00_105_Derush,Derush
15,d04-021-04-06_15_stone,stone
29,d01-104-06-07_29_codex,codex
75,m06-067-05-07_75_tribe,tribe
109,m04-100-05-01_109_nowhere,nowhere
98,p03-080-00-03_98_Gubbins,Gubbins
26,d07-082-01-03_26_Gemara,Gemara
15,d04-021-02-08_15_hardest,hardest
60,f07-084a-07-08_60_soup,soup
124,d01-118-03-01_124_roll,roll
147,d04-053-09-03_147_thy,thy
75,m06-106-02-09_75_Flor,Flor
88,f07-096-00-05_88_feeder,feeder
129,d04-096-02-07_129_Salt,Salt
76,g01-039-01-04_76_taxes,taxes
32,m03-006-05-05_32_Think,Think
72,m01-079-06-02_72_beat,beat
65,f04-061-04-00_65_foul,foul
156,n04-052-07-11_156_Have,Have
88,f07-092b-01-10_88_charms,charms
7,m01-136-10-00_7_tuning,tuning
19,n06-128-01-01_19_figured,figured
128,n03-103-07-03_128_pier,pier
82,g02-062-06-07_82_beat,beat
112,m02-109-02-00_112_worried,worried
117,f07-019b-06-01_117_gorging,gorging
151,g02-059-06-10_151_animals,animals
99,d06-025-05-05_99_Knows,Knows
3,p02-076-06-00_3_seated,seated
134,f07-019a-04-10_134_gorging,gorging
51,d06-027-00-01_51_Kagawa,Kagawa
13,g04-043-04-05_13_Prayer,Prayer
28,m02-059-03-08_28_cook,cook
64,e06-003-10-02_64_spawn,spawn
135,p02-090-03-00_135_Simone,Simone
155,f04-068-04-10_155_famous,famous
30,g01-025-09-01_30_Revolt,Revolt
26,d07-096-06-05_26_framed,framed
128,n03-103-06-02_128_canvas,canvas
109,m04-078-03-07_109_Enter,Enter
114,p06-096-02-00_114_origin,origin
117,f07-024b-06-03_117_length,length
82,g02-062-05-04_82_animals,animals
114,p06-052-06-00_114_fided,fided
19,n06-140-06-07_19_saddle,saddle
150,f07-002-02-05_150_allows,allows
117,f07-024b-03-04_117_feast,feast
114,p06-047-04-06_114_flick,flick
109,m04-100-03-01_109_Radio,Radio
36,g01-004-04-04_36_Admiral,Admiral
82,g02-062-05-06_82_Harvey,Harvey
90,m01-049-08-01_90_toes,toes
134,f07-021a-00-10_134_boiling,boiling
36,g01-004-00-06_36_victory,victory
114,p06-088-06-05_114_Elation,Elation
80,m01-131-02-03_80_Inside,Inside
26,d07-082-06-03_26_Levi,Levi
106,f04-032-00-04_106_cope,cope
27,m02-066-02-09_27_Earth,Earth
75,m06-076-04-04_75_lobes,lobes
149,n02-104-02-03_149_fondle,fondle
105,d04-111-03-04_105_PARDUS,PARDUS
126,g03-043-04-03_126_babies,babies
3,p02-076-10-00_3_hers,hers
56,d04-058-05-00_56_yield,yield
0,m03-013-01-02_0_cosmic,cosmic
1,m02-048-00-06_1_Plato,Plato
109,m04-081-04-00_109_depth,depth
150,f07-002-04-06_150_cave,cave
19,n06-119-06-00_19_malpais,malpais
19,n06-128-07-06_19_singly,singly
104,g01-016-03-03_104_yeomen,yeomen
48,c04-134-01-02_48_Band,Band
75,m06-067-04-12_75_move,move
16,p01-155-04-00_16_baptism,baptism
38,p03-181-02-07_38_dignity,dignity
136,d01-080-04-07_136_Roberts,Roberts
23,n02-154-03-01_23_halting,halting
40,m01-084-00-04_40_portent,portent
123,g07-079a-00-03_123_Augusta,Augusta
11,f07-081b-04-07_11_exists,exists
141,m01-060-01-06_141_leaning,leaning
156,n04-060-05-03_156_casing,casing
113,p02-105-01-01_113_Simone,Simone
154,p02-135-06-04_154_compact,compact
130,c04-144-00-01_130_Granada,Granada
106,f04-035-01-00_106_trails,trails
117,f07-021b-02-00_117_Britons,Britons
114,p06-088-03-04_114_Besides,Besides
130,c04-144-04-07_130_Potter,Potter
57,d04-089-00-06_57_bread,bread
19,n06-100-07-06_19_deck,deck
111,m02-095-05-01_111_nurture,nurture
5,m01-095-05-05_5_ears,ears
26,d07-085-06-05_26_Esther,Esther
56,d04-058-00-03_56_Mammon,Mammon
152,n03-126-03-06_152_upside,upside
156,n04-068-04-06_156_bedroom,bedroom
114,p06-042-09-00_114_mantle,mantle
123,g07-079a-10-02_123_fortune,fortune
66,c04-110-03-00_66_CHRIS,CHRIS
149,n02-104-03-00_149_amiss,amiss
11,f07-084b-07-02_11_outdo,outdo
46,d04-016-06-02_46_stone,stone
19,n06-082-03-02_19_Johnny,Johnny
61,n03-064-03-01_61_sail,sail
71,n02-028-00-02_71_Blanche,Blanche
120,p02-022-01-08_120_wasted,wasted
151,g02-059-00-04_151_gauged,gauged
150,f07-000b-05-05_150_covet,covet
140,d05-040-04-00_140_altars,altars
66,c04-116-00-20_66_lyric,lyric
76,g01-043-09-00_76_excess,excess
125,f04-074-09-07_125_scarf,scarf
49,m03-033-04-02_49_Indians,Indians
8,g03-052-08-05_8_Barton,Barton
29,d01-104-02-01_29_elder,elder
19,n06-133-05-09_19_closer,closer
114,p06-030-05-00_114_Truth,Truth
4,n04-202-05-05_4_jetty,jetty
51,d06-027-04-08_51_shadows,shadows
113,p02-105-03-02_113_disgust,disgust
60,f07-084a-08-03_60_brew,brew
76,g01-039-06-04_76_wool,wool
150,f07-006-05-01_150_toying,toying
129,d04-101-01-06_129_Oral,Oral
88,f07-088b-05-09_88_bread,bread
152,n03-126-00-08_152_string,string
12,d05-021-02-05_12_Body,Body
109,m04-072-07-00_109_trouser,trouser
77,m04-246-04-02_77_pushed,pushed
90,m01-049-11-04_90_ecstacy,ecstacy
99,d06-025-02-00_99_Was,Was
57,d04-086-03-11_57_Bitter,Bitter
73,p03-163-06-04_73_quarrel,quarrel
90,m01-049-05-05_90_loosely,loosely
26,d07-085-02-00_26_sugya,sugya
56,d04-058-03-05_56_wrath,wrath
26,d07-082-07-05_26_Rabh,Rabh
141,m01-060-02-10_141_awaited,awaited
114,p06-104-08-09_114_despise,despise
134,f07-019a-02-07_134_epoch,epoch
75,m06-083-05-07_75_Band,Band
114,p06-088-02-02_114_heavens,heavens
43,m03-118-02-01_43_receive,receive
104,g01-016-01-06_104_judges,judges
6,g01-037-05-00_6_yeomen,yeomen
60,f07-092a-08-03_60_turbot,turbot
139,n01-036-05-01_139_resting,resting
15,d04-028-01-06_15_purlin,purlin
75,m06-091-02-08_75_useless,useless
26,d07-102-01-04_26_Eleazar,Eleazar
3,p02-076-06-07_3_shadowy,shadowy
128,n03-097-03-07_128_slant,slant
134,f07-024a-08-01_134_urns,urns
141,m01-060-06-00_141_upward,upward
78,m02-112-02-00_78_Mos,Mos
11,f07-084b-07-08_11_peppers,peppers
150,f07-002-05-00_150_hide,hide
75,m06-106-07-05_75_delight,delight
45,n02-037-02-00_45_Blanche,Blanche
154,p02-135-00-02_154_Lilyan,Lilyan
75,m06-091-04-06_75_Flor,Flor
121,m04-038-03-02_121_Roberts,Roberts
22,m03-114-04-03_22_invaded,invaded
90,m01-049-07-05_90_tips,tips
64,e06-003-07-02_64_Ground,Ground
26,d07-089-06-06_26_Mishnah,Mishnah
75,m06-091-06-02_75_savage,savage
23,n02-154-02-06_23_grin,grin
82,g02-062-07-00_82_systole,systole
149,n02-104-02-04_149_Judy,Judy
76,g01-039-07-04_76_staple,staple
158,p02-139-01-13_158_Harland,Harland
79,p02-150-08-01_79_hurt,hurt
82,g02-062-08-04_82_vein,vein
77,n04-009-04-02_77_likes,likes
75,m06-067-00-10_75_growled,growled
50,p02-115-00-05_50_shake,shake
75,m06-091-02-07_75_plainly,plainly
128,n03-103-08-02_128_tiller,tiller
29,d01-104-02-08_29_papyrus,papyrus
19,n06-123-02-02_19_trail,trail
31,f04-039-02-00_31_tiff,tiff
109,m04-072-05-06_109_Already,Already
88,f07-088b-01-04_88_genius,genius
39,m04-107-01-03_39_Hostel,Hostel
99,d06-104-02-02_99_Friday,Friday
64,e06-030-03-01_64_winds,winds
46,d04-016-08-04_46_nearer,nearer
2,n02-009-01-03_2_Blanche,Blanche
59,n04-092-08-01_59_Courier,Courier
145,n03-066-06-02_145_lungs,lungs
46,d04-012-02-05_46_guarded,guarded
10,d06-041-02-00_10_noting,noting
52,n03-120-05-01_52_trout,trout
60,f07-084a-10-01_60_outdo,outdo
156,n04-060-02-06_156_Guards,Guards
12,d05-030-04-03_12_Laud,Laud
95,p01-147-02-03_95_grave,grave
104,g01-016-03-05_104_pierce,pierce
109,m04-072-04-04_109_feared,feared
76,g01-045-06-00_76_borders,borders
11,f07-073-00-02_11_cuisine,cuisine
34,e06-033-03-03_34_length,length
64,d06-107-10-01_64_washing,washing
43,m03-118-05-02_43_bushes,bushes
12,d05-030-01-03_12_nobler,nobler
156,n04-060-05-05_156_defuse,defuse
136,d01-085-04-00_136_columns,columns
60,f07-084a-06-02_60_sang,sang
109,m04-072-03-02_109_jewels,jewels
121,m04-038-03-08_121_Joy,Joy
88,f07-096-02-03_88_Brigham,Brigham
59,n04-100-04-02_59_relish,relish
12,d05-025-08-01_12_Prayer,Prayer
19,n06-111-04-01_19_horse,horse
11,f07-084b-06-06_11_fishes,fishes
22,m03-114-07-00_22_savage,savage
128,n03-097-05-03_128_tiller,tiller
125,f04-079-04-08_125_assist,assist
107,p03-047-00-06_107_Phil,Phil
107,p03-047-03-07_107_loaned,loaned
57,d04-086-02-06_57_depict,depict
26,d07-096-08-03_26_Court,Court
19,n06-111-03-00_19_mining,mining
19,n06-092-08-01_19_agency,agency
110,d05-013-06-06_110_Book,Book
109,m04-078-07-05_109_knots,knots
17,p03-072-00-05_17_lowered,lowered
147,d04-047-04-00_147_Jochai,Jochai
59,n04-084-03-06_59_Pleased,Pleased
14,n04-149-05-10_14_drinks,drinks
60,f07-084a-07-02_60_dish,dish
26,d07-102-03-03_26_Shem,Shem
124,d01-123-06-07_124_gummed,gummed
12,d05-021-01-07_12_Rubric,Rubric
19,n06-082-06-02_19_bother,bother
51,e06-021-08-01_51_drift,drift
92,g01-067-09-03_92_laymen,laymen
104,g01-016-06-04_104_archers,archers
37,p01-174-04-05_37_remiss,remiss
75,m06-106-00-00_75_Motion,Motion
25,f04-057-03-01_25_emerged,emerged
120,p02-022-03-06_120_rocks,rocks
11,f07-073-04-07_11_cook,cook
36,g01-008-03-01_36_elusive,elusive
98,p03-080-00-01_98_Gubbins,Gubbins
156,n04-048-04-00_156_baggage,baggage
99,e06-026-09-01_99_Suffolk,Suffolk
149,n02-114-08-00_149_Forrest,Forrest
120,p02-022-03-00_120_moon,moon
66,c04-116-02-09_66_Alley,Alley
13,g04-043-06-09_13_gladly,gladly
66,c04-110-01-03_66_Bella,Bella
128,n03-103-04-01_128_tiller,tiller
114,p06-047-10-04_114_leaflet,leaflet
34,e06-070-07-00_34_Cover,Cover
119,d04-125-05-13_119_bondage,bondage
24,n01-031-04-02_24_Milan,Milan
61,n03-064-04-08_61_dashed,dashed
60,f07-092a-00-00_60_Dante,Dante
77,m04-231-06-02_77_basket,basket
11,f07-084b-04-03_11_sang,sang
40,m01-084-06-06_40_BBC,BBC
60,f07-084a-09-02_60_fishes,fishes
77,n04-009-06-01_77_sharing,sharing
150,f07-002-08-03_150_flame,flame
151,g02-059-06-05_151_paler,paler
117,f07-019b-03-02_117_epoch,epoch
75,m06-048-00-14_75_die,die
65,f04-064-01-09_65_journal,journal
116,n01-052-01-05_116_Po,Po
11,f07-084b-05-07_11_soup,soup
102,m01-149-02-10_102_flocked,flocked
131,m03-020-00-00_131_Hope,Hope
29,d01-098-01-10_29_roll,roll
6,g01-031-04-02_6_manors,manors
112,m02-109-07-01_112_layers,layers
60,f07-081a-07-02_60_exists,exists
19,n06-140-02-00_19_peeking,peeking
133,p02-101-05-00_133_dance,dance
43,m03-118-02-03_43_summons,summons
98,p03-080-06-05_98_Trouble,Trouble
5,m01-095-01-00_5_Laurier,Laurier
75,m06-106-06-03_75_tendon,tendon
75,m06-031-06-00_75_rays,rays
22,m03-114-05-06_22_relaxed,relaxed
131,m03-020-00-02_131_die,die
74,p03-040-02-07_74_toes,toes
19,n06-140-01-09_19_barrel,barrel
121,m04-038-05-00_121_damn,damn
5,m01-095-05-02_5_sang,sang
39,m04-123-07-03_39_peered,peered
156,n04-048-01-00_156_famous,famous
150,f07-006-06-00_150_gleam,gleam
117,f07-024b-04-00_117_dish,dish
125,f04-079-10-02_125_relate,relate
99,d06-067-01-04_99_complex,complex
112,m02-109-07-05_112_psyche,psyche
117,f07-024b-03-03_117_royal,royal
51,d06-056-05-05_51_pain,pain
19,n06-111-00-12_19_Town,Town
43,m03-118-04-08_43_crowned,crowned
134,f07-021a-01-06_134_Britons,Britons
60,f07-088a-01-01_60_dietary,dietary
86,g03-032-01-03_86_helpful,helpful
149,r03-053-03-03_149_somehow,somehow
15,d04-028-05-06_15_Glory,Glory
125,f04-074-03-04_125_await,await
30,g01-025-01-05_30_anvils,anvils
83,n01-057-03-00_83_Tartaro,Tartaro
60,f07-088a-09-00_60_bowl,bowl
104,g01-012-02-02_104_glory,glory
84,d06-020-02-10_84_latent,latent
66,c04-110-01-15_66_tempo,tempo
114,p06-042-05-00_114_tied,tied
68,d04-032-06-01_68_Light,Light
2,n02-004-06-01_2_veranda,veranda
65,f04-064-03-02_65_gloom,gloom
75,m06-106-03-01_75_Haris,Haris
88,g07-000b-07-08_88_Corfu,Corfu
104,g01-012-04-00_104_Hawley,Hawley
123,f07-000-06-00_123_dance,dance
95,p01-147-03-03_95_tidying,tidying
88,f07-096-06-01_88_punch,punch
147,d04-053-06-08_147_heed,heed
134,f07-024a-06-00_134_embers,embers
150,f07-002-04-08_150_hilly,hilly
22,m03-114-07-01_22_tribes,tribes
26,d07-096-00-06_26_sugya,sugya
117,f07-024b-09-05_117_salt,salt
24,n01-045-00-04_24_reduced,reduced
26,d07-093-07-02_26_sugya,sugya
141,m01-060-05-00_141_Mind,Mind
6,g01-037-04-05_6_bidders,bidders
130,c04-150-00-00_130_Potter,Potter
114,p06-030-01-07_114_Scorn,Scorn
109,m04-072-08-02_109_ravine,ravine
92,g01-074-09-02_92_rarer,rarer
35,n03-113-00-03_35_Dad,Dad
134,f07-024a-08-00_134_lifted,lifted
34,e06-070-03-02_34_haddock,haddock
77,m04-246-00-01_77_dog,dog
24,n01-020-08-03_24_surface,surface
138,p02-109-07-06_138_safely,safely
65,f04-061-07-05_65_Tunnel,Tunnel
2,n02-009-03-03_2_fetch,fetch
19,n06-111-00-03_19_Somers,Somers
6,g01-034-08-04_6_mirror,mirror
149,g03-049-06-00_149_courage,courage
68,d04-032-10-00_68_Sabbath,Sabbath
51,e06-021-10-01_51_drifted,drifted
149,n02-127-05-06_149_airily,airily
54,m02-069-01-02_54_instil,instil
26,d07-102-03-10_26_Ramah,Ramah
60,f07-088a-08-03_60_bread,bread
7,m01-136-09-03_7_knob,knob
36,g01-008-06-05_36_mining,mining
105,d04-111-07-07_105_wink,wink
66,c04-110-03-01_66_CHARLES,CHARLES
101,d03-117-04-06_101_Moab,Moab
14,n04-130-00-01_14_flushed,flushed
105,d04-111-03-07_105_Matzo,Matzo
13,g04-048-06-04_13_Altar,Altar
125,f04-079-03-06_125_tunnel,tunnel
121,m04-061-01-09_121_Send,Send
42,g03-000-02-06_42_conceal,conceal
116,n01-052-00-06_116_focused,focused
0,m03-013-02-05_0_Trout,Trout
75,m06-048-02-01_75_jaw,jaw
145,n03-066-03-02_145_beings,beings
5,m01-095-00-07_5_Chateau,Chateau
125,f04-079-02-05_125_ensured,ensured
76,g01-039-06-00_76_export,export
11,f07-069-05-03_11_groaned,groaned
26,d07-100-07-04_26_verse,verse
26,d07-093-08-05_26_Mishnah,Mishnah
49,m03-033-04-01_49_forest,forest
125,f04-074-09-06_125_silk,silk
16,p01-155-06-05_16_flashed,flashed
64,e06-015-05-00_64_shoals,shoals
112,m02-109-00-05_112_shorts,shorts
75,m06-091-00-10_75_mouths,mouths
124,d01-118-06-01_124_roll,roll
156,n04-048-07-03_156_Seaweed,Seaweed
25,f04-057-06-00_25_nected,nected
88,f07-092b-05-08_88_turbot,turbot
59,n04-100-00-03_59_bowl,bowl
15,d04-021-03-05_15_existed,existed
109,m04-093-07-06_109_heavens,heavens
153,d01-052-01-02_153_Greek,Greek
80,m01-110-11-04_80_nucleus,nucleus
92,g01-074-01-05_92_rivalry,rivalry
108,n02-062-04-06_108_dare,dare
109,m04-072-09-00_109_robbers,robbers
15,d04-021-02-02_15_incises,incises
26,d07-089-02-05_26_thesis,thesis
26,d07-102-00-01_26_Gemara,Gemara
103,p01-168-04-09_103_rocks,rocks
77,m04-231-05-09_77_nursing,nursing
19,n06-111-03-01_19_camp,camp
136,d01-085-06-08_136_print,print
0,m03-013-04-09_0_lurking,lurking
114,p06-096-04-05_114_Strange,Strange
147,d04-053-04-03_147_animals,animals
156,n04-068-05-00_156_Seaweed,Seaweed
48,c04-134-03-09_48_hobby,hobby
51,e06-021-00-06_51_shoal,shoal
111,m02-095-08-02_111_grown,grown
6,g01-031-07-04_6_bounty,bounty
11,f07-073-08-06_11_sombre,sombre
24,n01-045-06-03_24_engine,engine
26,d07-093-04-06_26_sugyas,sugyas
101,d03-117-04-04_101_Mesha,Mesha
149,n02-109-06-01_149_bully,bully
88,f07-092b-03-00_88_dish,dish
12,d05-025-02-02_12_Bacon,Bacon
41,n02-157-05-06_41_Mistah,Mistah
149,n02-104-03-03_149_nudging,nudging
13,g04-048-06-00_13_gifts,gifts
114,p06-096-07-04_114_ruin,ruin
150,f07-006-01-08_150_lance,lance
114,p06-047-10-01_114_tore,tore
11,f07-069-09-03_11_dishes,dishes
84,d06-046-06-01_84_surge,surge
77,m04-246-03-01_77_roared,roared
39,m04-131-07-07_39_Rhondda,Rhondda
64,e06-015-09-04_64_spawn,spawn
101,d03-117-00-04_101_gardens,gardens
14,n04-130-00-10_14_charity,charity
47,m02-080-04-04_47_grand,grand
57,d04-089-00-12_57_Hebrew,Hebrew
154,p02-135-02-03_154_awkward,awkward
60,f07-084a-10-07_60_peppers,peppers
119,d04-131-00-05_119_redeem,redeem
59,n04-107-01-04_59_humdrum,humdrum
150,f07-000b-04-07_150_dance,dance
117,f07-024b-07-04_117_glowing,glowing
93,f04-083-08-09_93_Bridger,Bridger
75,m06-048-05-08_75_Flor,Flor
105,d04-111-00-05_105_Peshat,Peshat
36,g01-008-02-03_36_Gaunt,Gaunt
0,m03-013-00-08_0_gazing,gazing
24,n01-020-04-01_24_summit,summit
57,d04-086-03-06_57_Matzo,Matzo
11,f07-073-05-02_11_victory,victory
19,n06-074-05-00_19_morrow,morrow
14,n04-139-06-01_14_Tell,Tell
44,g03-064-05-03_44_Marxism,Marxism
60,f07-092a-00-01_60_Gabriel,Gabriel
89,p02-000-01-03_89_customs,customs
12,d05-008-05-04_12_dashed,dashed
124,d01-123-01-06_124_Mark,Mark
11,f07-073-01-06_11_stews,stews
57,d04-086-04-06_57_mixture,mixture
155,f04-071-08-08_155_Peacock,Peacock
109,m04-072-02-07_109_cargo,cargo
59,n04-092-02-00_59_please,please
39,m04-123-04-04_39_mam,mam
56,d04-058-05-07_56_perish,perish
111,m02-095-05-00_111_haps,haps
93,f04-087-01-10_93_Emma,Emma
39,m04-123-10-03_39_shroud,shroud
75,m06-042-01-09_75_grub,grub
65,f04-064-07-03_65_robbed,robbed
24,n01-020-07-05_24_spots,spots
10,d06-086-05-08_10_drift,drift
71,n02-028-01-02_71_disgust,disgust
11,f07-084b-08-06_11_garlic,garlic
44,g03-064-07-03_44_keen,keen
37,p01-174-06-07_37_stained,stained
3,p02-076-05-02_3_clutch,clutch
96,g02-065-01-04_96_cutting,cutting
147,d04-053-02-04_147_Help,Help
71,n02-049-04-06_71_hoot,hoot
130,c04-144-00-00_130_Say,Say
117,f07-024b-04-07_117_cooked,cooked
6,g01-034-01-08_6_oust,oust
94,p03-033-00-01_94_Bless,Bless
62,d06-076-01-09_62_sapped,sapped
32,m03-006-04-01_32_peered,peered
69,m01-125-04-01_69_forth,forth
59,n04-092-05-09_59_pushed,pushed
117,f07-019b-02-00_117_mammoth,mammoth
133,p02-101-07-00_133_ging,ging
65,f04-064-05-01_65_shudder,shudder
151,g02-059-00-01_151_Chapter,Chapter
51,d06-027-00-04_51_Saviour,Saviour
31,f04-043-01-07_31_traced,traced
11,f07-069-02-08_11_assumed,assumed
2,n02-004-08-09_2_stead,stead
51,e06-021-09-04_51_fry,fry
130,c04-150-03-04_130_cameras,cameras
107,p03-047-09-06_107_Trouble,Trouble
22,m03-114-05-00_22_mood,mood
75,m06-048-06-05_75_flight,flight
75,m06-106-06-07_75_sail,sail
129,d04-096-02-05_129_Hebrew,Hebrew
104,g01-019-08-08_104_victory,victory
150,f07-006-06-02_150_glitter,glitter
31,f04-039-06-08_31_medium,medium
93,f04-083-07-00_93_jolly,jolly
19,n06-123-08-04_19_creek,creek
101,d03-117-02-03_101_pools,pools
153,d01-052-04-00_153_scripts,scripts
67,c04-165-01-00_67_Guest,Guest
34,e06-033-03-09_34_nets,nets
85,g01-088-07-08_85_pious,pious
57,d04-086-01-10_57_emblems,emblems
125,f04-079-06-06_125_traffic,traffic
104,g01-012-00-09_104_sortie,sortie
114,p06-096-08-03_114_Had,Had
116,n01-052-07-07_116_whisked,whisked
0,m03-013-01-08_0_stars,stars
36,g01-008-01-06_36_Du,Du
123,g07-079a-01-00_123_hollow,hollow
19,n06-092-05-07_19_camp,camp
12,d05-008-06-00_12_Book,Book
29,d01-104-01-06_29_History,History
24,n01-020-04-03_24_Mont,Mont
66,c04-116-02-07_66_Tin,Tin
149,r03-053-04-05_149_slimy,slimy
66,c04-116-00-09_66_garages,garages
12,d05-025-07-02_12_foster,foster
122,d04-066-04-00_122_bind,bind
19,n06-123-05-06_19_mesa,mesa
58,g03-040-02-06_58_sang,sang
9,n03-106-02-00_9_hip,hip
70,p02-008-04-03_70_veranda,veranda
10,d06-041-00-02_10_tires,tires
154,p02-135-08-05_154_occupy,occupy
4,n04-202-05-02_4_pairs,pairs
19,n06-111-04-05_19_trail,trail
132,n01-004-04-05_132_fail,fail
57,d04-089-05-05_57_hurled,hurled
121,m04-061-00-15_121_Roberts,Roberts
149,n02-109-01-05_149_missed,missed
57,d04-086-03-12_57_Herbs,Herbs
129,d04-101-03-05_129_meek,meek
39,m04-113-05-04_39_Roberts,Roberts
75,m06-048-02-06_75_grub,grub
121,m04-043-00-15_121_dot,dot
104,g01-019-02-02_104_primary,primary
99,e06-026-05-04_99_surface,surface
150,f07-009-00-04_150_dishes,dishes
147,d04-053-02-00_147_midst,midst
39,m04-107-01-02_39_Youth,Youth
62,e06-010-02-01_62_migrate,migrate
117,f07-013-09-00_117_dishes,dishes
75,m06-083-01-07_75_outcast,outcast
65,f04-061-02-07_65_travel,travel
117,f07-024b-01-04_117_cooking,cooking
116,n01-052-02-04_116_trace,trace
26,d07-093-05-00_26_quoting,quoting
11,f07-084b-07-04_11_Green,Green
80,m01-110-05-03_80_freely,freely
26,d07-089-04-01_26_thesis,thesis
83,n01-057-07-03_83_Foggia,Foggia
6,g01-031-08-06_6_glory,glory
41,n02-157-00-05_41_fault,fault
114,p06-030-02-06_114_dared,dared
88,f07-096-02-10_88_tripe,tripe
12,d05-008-03-00_12_spoiled,spoiled
24,n01-031-03-08_24_Turin,Turin
147,d04-053-08-05_147_gods,gods
57,d04-086-05-12_57_lean,lean
30,g01-027-09-00_30_crown,crown
109,m04-078-02-00_109_Morfyyd,Morfyyd
117,f07-016-06-03_117_Medici,Medici
26,d07-093-01-06_26_angel,angel
75,m06-042-03-12_75_Haris,Haris
55,p02-144-00-05_55_Elaine,Elaine
51,e06-021-07-02_51_Being,Being
58,g03-040-00-05_58_Choir,Choir
130,c04-150-01-11_130_padre,padre
96,g02-065-04-04_96_systole,systole
149,n02-104-00-04_149_Absurd,Absurd
109,m04-093-02-00_109_folded,folded
121,m04-061-03-20_121_bicycle,bicycle
30,g01-027-09-01_30_lands,lands
156,n04-048-03-00_156_bombs,bombs
107,p03-047-00-07_107_Gubbins,Gubbins
77,m04-238-04-03_77_Plas,Plas
60,f07-084a-05-00_60_waxed,waxed
91,p03-027-01-02_91_lark,lark
104,g01-016-01-01_104_morals,morals
36,g01-008-04-08_36_besiege,besiege
110,d05-013-01-03_110_sins,sins
75,m06-056-02-08_75_babies,babies
88,f07-101b-01-08_88_sage,sage
52,n03-120-04-08_52_silvery,silvery
49,m03-033-05-04_49_hoof,hoof
8,g03-052-04-00_8_mined,mined
48,c04-134-01-11_48_Rose,Rose
149,r03-053-08-01_149_fake,fake
12,d05-030-06-03_12_Fisher,Fisher
77,m04-238-04-10_77_Paid,Paid
145,n03-066-07-04_145_howling,howling
34,d06-037-05-00_34_realize,realize
121,m04-061-04-01_121_scour,scour
19,n06-092-04-07_19_ride,ride
140,d05-040-02-07_140_Book,Book
117,f07-016-06-06_117_peasant,peasant
60,f07-084a-06-00_60_baisse,baisse
19,n06-140-01-00_19_whistle,whistle
58,g03-040-01-01_58_clubs,clubs
124,d01-123-00-06_124_blank,blank
14,n04-156-01-08_14_jour,jour
66,c04-110-00-17_66_sings,sings
57,d04-086-00-09_57_knots,knots
3,p02-076-09-07_3_cupping,cupping
15,d04-021-02-04_15_hardest,hardest
134,f07-019a-00-04_134_sated,sated
0,m03-013-05-07_0_jaguar,jaguar
19,n06-100-06-06_19_Dead,Dead
54,m02-069-04-00_54_solar,solar
39,m04-138-07-01_39_blur,blur
19,n06-074-00-01_19_rode,rode
110,d05-013-00-09_110_phrase,phrase
26,d07-085-04-01_26_sugya,sugya
64,e06-003-08-00_64_shots,shots
109,m04-081-07-08_109_echoed,echoed
68,d04-032-04-07_68_senses,senses
49,m03-033-00-04_49_lord,lord
106,f04-032-00-10_106_rumours,rumours
30,g01-027-08-02_30_royal,royal
60,f07-081a-02-00_60_derive,derive
149,g03-049-03-01_149_Noel,Noel
105,d04-111-01-01_105_Remez,Remez
129,d04-101-00-01_129_dip,dip
39,m04-138-01-00_39_sank,sank
117,f07-016-01-02_117_Roman,Roman
26,d07-102-06-07_26_Levi,Levi
156,n04-048-08-03_156_staring,staring
150,f07-009-00-06_150_modes,modes
11,f07-081b-00-04_11_inborn,inborn
115,d01-019-03-05_115_roll,roll
117,f07-016-01-03_117_feasts,feasts
97,p03-012-07-05_97_student,student
128,n03-097-02-08_128_wreck,wreck
84,d06-046-05-00_84_refer,refer
46,d04-016-05-06_46_melt,melt
101,d03-117-05-08_101_Moabite,Moabite
139,n01-036-02-05_139_angular,angular
34,d06-072-08-06_34_builds,builds
31,f04-039-03-08_31_casting,casting
114,p06-058-08-04_114_hers,hers
60,f07-088a-04-05_60_animal,animal
103,p01-168-05-05_103_verger,verger
133,p02-101-05-04_133_cheery,cheery
88,f07-096-05-06_88_mutton,mutton
59,n04-107-06-00_59_ssing,ssing
117,f07-013-10-04_117_diners,diners
104,g01-012-05-06_104_duke,duke
125,f04-074-06-02_125_path,path
46,d04-016-07-06_46_Altar,Altar
75,m06-083-04-09_75_hurt,hurt
117,f07-024b-06-00_117_languid,languid
26,d07-089-07-02_26_Mishnah,Mishnah
6,g01-037-01-01_6_knaves,knaves
84,c06-011-00-00_84_ALSO,ALSO
39,m04-131-00-05_39_nursing,nursing
140,d05-040-03-09_140_Altars,Altars
106,f04-032-06-01_106_victim,victim
26,d07-089-03-02_26_Gemara,Gemara
60,f07-076a-04-01_60_meats,meats
11,f07-073-01-04_11_dishes,dishes
148,g04-052-05-02_148_spoil,spoil
14,n04-163-04-11_14_card,card
69,m01-125-09-00_69_ringing,ringing
124,d01-118-03-06_124_Rolls,Rolls
145,n03-066-04-02_145_rounded,rounded
24,n01-045-02-04_24_needle,needle
38,p03-181-01-07_38_flashed,flashed
119,d04-125-01-02_119_Society,Society
94,p03-033-04-06_94_supper,supper
107,p03-047-03-00_107_NUF,NUF
4,n04-218-05-01_4_letters,letters
14,n04-130-02-00_14_Courier,Courier
4,n04-209-03-00_4_Turton,Turton
39,m04-123-05-04_39_Getting,Getting
76,g01-045-07-04_76_borders,borders
136,d01-085-02-11_136_codex,codex
157,p02-027-04-10_157_model,model
5,m01-095-04-06_5_hissing,hissing
156,n04-052-07-04_156_Winter,Winter
129,d04-096-02-01_129_MELACH,MELACH
11,f07-084b-08-10_11_dace,dace
116,n01-052-08-05_116_Horse,Horse
11,f07-081b-05-01_11_writers,writers
76,g01-039-07-08_76_ensured,ensured
12,d05-021-07-01_12_Bible,Bible
36,g01-008-08-04_36_siege,siege
84,c06-011-06-01_84_rung,rung
53,m02-055-08-05_53_Release,Release
143,n02-054-07-02_143_jeep,jeep
117,f07-024b-06-04_117_subside,subside
24,n01-020-07-01_24_glowed,glowed
65,f04-064-00-05_65_travel,travel
134,f07-024a-07-06_134_salt,salt
20,g02-073-03-02_20_beats,beats
70,p02-008-04-00_70_glasses,glasses
84,d06-008-05-00_84_reaped,reaped
39,m04-113-08-02_39_Roberts,Roberts
12,d05-021-07-06_12_Version,Version
124,e01-055-08-00_124_trends,trends
84,d06-008-00-04_84_pushes,pushes
124,d01-123-00-04_124_roll,roll
36,g01-004-03-07_36_Gaunt,Gaunt
127,p03-029-01-04_127_periods,periods
0,m03-013-05-05_0_Might,Might
144,n02-040-03-03_144_letting,letting
126,g03-043-08-02_126_Bible,Bible
39,m04-131-07-06_39_Cwm,Cwm
57,d04-089-00-09_57_LECHEM,LECHEM
150,f07-009-04-04_150_mankind,mankind
14,n04-163-01-09_14_Town,Town
31,f04-043-06-08_31_infamy,infamy
19,n06-123-10-00_19_thirst,thirst
124,d01-123-04-01_124_codex,codex
34,d06-072-10-03_34_handled,handled
134,f07-019a-04-01_134_dishes,dishes
92,g01-074-02-00_92_chant,chant
16,p01-155-05-00_16_Walking,Walking
19,n06-119-05-02_19_stretch,stretch
129,d04-096-05-00_129_Mortar,Mortar
65,f04-061-04-05_65_sulphur,sulphur
80,m01-131-03-08_80_unaware,unaware
11,f07-073-08-02_11_withal,withal
51,e06-000-04-05_51_migrate,migrate
51,e06-000-06-08_51_Anglia,Anglia
36,g01-008-08-06_36_Limoges,Limoges
146,g03-004-02-02_146_stone,stone
114,p06-088-00-04_114_torment,torment
24,n01-031-00-03_24_clarity,clarity
39,m04-107-10-00_39_weep,weep
145,n03-066-04-04_145_rocky,rocky
82,g02-062-03-05_82_Going,Going
106,f04-032-05-02_106_jury,jury
57,d04-089-00-10_57_ANJO,ANJO
59,n04-084-00-08_59_Seaweed,Seaweed
106,f04-035-04-09_106_barman,barman
12,d05-025-01-00_12_forty,forty
109,m04-072-05-04_109_dearly,dearly
141,m01-060-03-04_141_exalted,exalted
117,f07-024b-02-04_117_boiling,boiling
150,f07-006-01-06_150_pike,pike
26,d07-089-05-02_26_Name,Name
19,n06-119-05-06_19_canyons,canyons
89,p02-000-04-00_89_taxi,taxi
62,d06-003-06-03_62_victors,victors
27,m02-066-00-03_27_excited,excited
90,m01-049-09-04_90_yawned,yawned
156,n04-048-06-09_156_habitue,habitue
156,n04-068-04-01_156_lounge,lounge
75,m06-031-01-12_75_Bondi,Bondi
98,p03-080-00-07_98_fretted,fretted
108,n02-062-05-06_108_blazed,blazed
129,d04-096-03-06_129_Salt,Salt
117,f07-021b-03-04_117_poker,poker
116,n01-052-09-08_116_blessed,blessed
156,n04-075-03-03_156_assumed,assumed
3,p02-076-07-04_3_Simone,Simone
12,d05-008-05-10_12_Prayer,Prayer
122,d04-066-06-03_122_mill,mill
114,p06-096-06-02_114_betray,betray
32,m03-006-03-08_32_raft,raft
64,e06-015-04-00_64_Drift,Drift
77,m04-246-03-10_77_grocery,grocery
155,f04-071-09-07_155_Railway,Railway
110,d05-013-02-09_110_phrase,phrase
117,f07-021b-01-01_117_boiling,boiling
11,f07-081b-01-04_11_derive,derive
95,p01-147-02-04_95_digger,digger
128,n03-097-06-00_128_jibbing,jibbing
48,c04-134-00-12_48_Harlech,Harlech
75,m06-098-02-01_75_Flor,Flor
76,g01-043-01-06_76_wisely,wisely
22,m03-110-07-03_22_impulse,impulse
12,d05-025-05-00_12_Prayer,Prayer
88,f07-088b-00-08_88_dietary,dietary
156,n04-052-08-06_156_Seaweed,Seaweed
106,f04-035-01-10_106_lending,lending
74,p03-040-00-01_74_Hardly,Hardly
58,g03-040-04-05_58_Pin,Pin
36,g01-008-05-05_36_Malo,Malo
147,d04-047-03-05_147_Simeon,Simeon
67,c04-165-00-07_67_Line,Line
135,p02-090-02-07_135_swept,swept
14,n04-139-03-00_14_Regard,Regard
77,m04-238-05-10_77_basket,basket
64,d06-011-05-03_64_nasty,nasty
143,n02-054-03-00_143_stiffly,stiffly
57,d04-089-04-03_57_Freedom,Freedom
74,p03-040-06-05_74_Trouble,Trouble
12,d05-030-02-08_12_hated,hated
29,d01-098-00-10_29_dowel,dowel
134,f07-019a-01-02_134_dishes,dishes
52,n03-120-06-05_52_Injun,Injun
11,f07-073-07-06_11_vivid,vivid
35,n03-113-08-03_35_wetter,wetter
109,m04-072-01-05_109_Paled,Paled
11,f07-084b-05-10_11_broth,broth
88,g07-000b-06-03_88_Stoven,Stoven
17,p03-072-04-00_17_Gubbins,Gubbins
143,n02-054-01-04_143_whys,whys
13,g04-043-08-01_13_daily,daily
57,d04-089-04-05_57_Speech,Speech
129,d04-096-00-12_129_Salt,Salt
2,n02-004-06-08_2_liberty,liberty
19,n06-133-03-07_19_closer,closer
60,f07-076a-03-03_60_paprika,paprika
16,p01-155-07-00_16_canery,canery
116,n01-052-06-02_116_flown,flown
133,p02-101-00-05_133_boorish,boorish
59,n04-100-03-06_59_sipped,sipped
149,n02-114-07-04_149_Hewson,Hewson
96,g02-065-07-00_96_ception,ception
131,m03-020-05-00_131_shadows,shadows
76,g01-045-09-06_76_pyramid,pyramid
33,d04-050-05-03_33_wine,wine
12,d05-025-01-04_12_Hamlet,Hamlet
34,e06-033-00-00_34_Herring,Herring
64,d06-011-04-01_64_twelve,twelve
102,m01-149-04-04_102_bustle,bustle
12,d05-030-02-05_12_Laud,Laud
19,n06-123-07-01_19_hotter,hotter
60,f07-076a-06-00_60_ries,ries
148,g04-052-00-09_148_filling,filling
96,g02-065-08-03_96_pulse,pulse
55,p02-144-03-06_55_Elaine,Elaine
11,f07-069-03-05_11_Magyar,Magyar
26,d07-100-02-08_26_Rabh,Rabh
84,d06-046-07-06_84_mum,mum
88,f07-088b-03-05_88_animal,animal
54,m02-069-06-09_54_Moon,Moon
27,m02-066-04-08_27_habitat,habitat
12,d05-025-05-01_12_Book,Book
64,e06-030-00-01_64_winds,winds
59,n04-114-01-08_59_Am,Am
124,d01-118-00-04_124_codex,codex
34,e06-033-02-09_34_drift,drift
19,n06-133-02-08_19_bawled,bawled
57,d04-089-04-11_57_Herbs,Herbs
26,d07-100-00-06_26_tithe,tithe
156,n04-060-04-08_156_Crawled,Crawled
118,g04-072-00-00_118_Indeed,Indeed
47,m02-080-04-05_47_pianos,pianos
19,n06-123-08-07_19_watered,watered
113,p02-105-04-09_113_sands,sands
111,m02-095-02-00_111_guise,guise
19,n06-140-03-10_19_Looks,Looks
94,p03-033-03-00_94_Junior,Junior
114,p06-042-03-00_114_vulsion,vulsion
65,f04-064-02-07_65_thunder,thunder
149,n02-120-04-00_149_partner,partner
75,m06-091-03-12_75_Bondi,Bondi
7,m01-136-01-01_7_pending,pending
9,n03-106-06-02_9_damn,damn
117,f07-019b-00-04_117_sated,sated
125,f04-074-04-00_125_Was,Was
96,g02-065-07-06_96_pulsate,pulsate
40,m01-084-02-06_40_tuned,tuned
83,n01-057-07-02_83_via,via
150,f07-002-06-01_150_forth,forth
106,f04-032-04-04_106_inquest,inquest
7,m01-136-00-05_7_mixture,mixture
109,m04-081-08-01_109_Damned,Damned
99,d06-067-09-00_99_travel,travel
142,m01-121-00-08_142_uncover,uncover
14,n04-139-07-03_14_Whose,Whose
56,d04-058-02-09_56_gods,gods
26,d07-093-06-04_26_sugya,sugya
95,p01-147-05-02_95_huddle,huddle
76,g01-043-00-07_76_revenue,revenue
60,f07-092a-02-04_60_charms,charms
4,n04-218-00-10_4_blows,blows
116,n01-052-01-08_116_forty,forty
149,n02-109-07-00_149_dares,dares
124,d01-123-07-08_124_rebound,rebound
75,m06-056-03-00_75_babies,babies
10,d06-086-00-07_10_tiring,tiring
11,f07-084b-05-01_11_dish,dish
19,n06-140-00-10_19_blew,blew
59,n04-114-07-07_59_Set,Set
25,f04-057-00-02_25_female,female
11,f07-073-03-03_11_creams,creams
88,f07-101b-01-03_88_dined,dined
134,f07-021a-02-07_134_poker,poker
48,c04-134-02-00_48_Fay,Fay
77,m04-246-05-10_77_butter,butter
104,g01-016-00-01_104_dreary,dreary
12,d05-021-01-02_12_mood,mood
124,d01-118-04-04_124_papyrus,papyrus
39,m04-131-03-04_39_Stan,Stan
149,r03-053-04-03_149_muddy,muddy
62,e06-010-05-02_62_depth,depth
50,p02-115-06-04_50_jots,jots
11,f07-069-03-07_11_owes,owes
150,f07-002-01-09_150_marvel,marvel
24,n01-020-04-00_24_capped,capped
114,p06-104-07-05_114_Forgive,Forgive
64,e06-003-08-09_64_Gut,Gut
2,n02-004-04-07_2_surface,surface
100,p03-173-08-03_100_slap,slap
39,m04-107-09-00_39_dismay,dismay
77,m04-231-04-00_77_pool,pool
52,n03-120-04-06_52_string,string
46,d04-012-01-08_46_Hebrew,Hebrew
75,m06-083-05-08_75_Appa,Appa
150,f07-006-01-01_150_Roman,Roman
2,n02-004-07-08_2_Vallin,Vallin
60,f07-088a-09-02_60_milk,milk
86,g03-032-06-08_86_Malin,Malin
134,f07-024a-02-04_134_royal,royal
109,m04-093-06-06_109_tartly,tartly
24,n01-020-03-02_24_silvery,silvery
77,m04-246-02-09_77_basket,basket
45,n02-037-04-07_45_jeep,jeep
11,f07-084b-08-08_11_roach,roach
112,m02-109-07-00_112_deeper,deeper
1,m02-048-00-10_1_spell,spell
104,g01-019-07-04_104_Brest,Brest
105,d04-111-07-10_105_Remez,Remez
21,n01-009-01-07_21_Roma,Roma
10,d06-060-08-01_10_diverse,diverse
135,p02-069-07-09_135_packed,packed
59,n04-114-05-04_59_Expense,Expense
15,d04-028-01-01_15_ass,ass
119,d04-131-06-04_119_Abraham,Abraham
116,n01-052-04-04_116_motored,motored
44,g03-064-01-07_44_Marx,Marx
13,g04-048-02-05_13_Gifts,Gifts
114,p06-104-06-03_114_forgive,forgive
5,m01-095-02-03_5_tilting,tilting
80,m01-110-05-00_80_move,move
104,g01-016-07-04_104_marches,marches
